ID,TARGET
0,0
1,0
2,0
3,0
4,1
5,1
6,1
7,0
8,2
9,0
10,0
11,1
12,0
13,0
14,0
15,3
16,4
17,4
18,1
19,0
20,5
21,3
22,0
23,0
24,0
25,5
26,0
27,1
28,0
29,0
30,0
31,0
32,0
33,3
34,0
35,1
36,0
37,1
38,0
39,0
40,6
41,1
42,3
43,0
44,6
45,1
46,3
47,0
48,0
49,1
50,5
51,3
52,1
53,0
54,6
55,0
56,0
57,0
58,1
59,1
60,1
61,6
62,0
63,0
64,0
65,0
66,4
67,0
68,0
69,0
70,5
71,0
72,0
73,1
74,0
75,6
76,0
77,0
78,2
79,0
80,0
81,0
82,6
83,4
84,2
85,0
86,0
87,4
88,0
89,0
90,0
91,3
92,6
93,1
94,2
95,0
96,2
97,0
98,3
99,0
100,6
101,4
102,0
103,0
104,6
105,0
106,0
107,0
108,4
109,0
110,0
111,4
112,0
113,0
114,0
115,5
116,0
117,0
118,0
119,0
120,0
121,1
122,6
123,0
124,0
125,0
126,2
127,1
128,2
129,0
130,1
131,0
132,0
133,0
134,6
135,1
136,0
137,5
138,0
139,0
140,0
141,0
142,6
143,0
144,6
145,0
146,6
147,0
148,0
149,4
150,0
151,6
152,6
153,0
154,3
155,5
156,3
157,1
158,0
159,5
160,5
161,0
162,0
163,5
164,6
165,0
166,0
167,0
168,0
169,5
170,0
171,0
172,3
173,1
174,0
175,0
176,0
177,4
178,1
179,5
180,0
181,4
182,0
183,0
184,1
185,0
186,0
187,1
188,0
189,4
190,1
191,5
192,3
193,1
194,2
195,2
196,5
197,1
198,0
199,0
200,1
201,6
202,5
203,1
204,0
205,3
206,0
207,0
208,0
209,1
210,0
211,0
212,0
213,5
214,0
215,0
216,2
217,3
218,1
219,0
220,1
221,5
222,0
223,0
224,0
225,5
226,3
227,0
228,0
229,0
230,0
231,0
232,0
233,0
234,6
235,0
236,5
237,0
238,6
239,4
240,2
241,1
242,0
243,5
244,5
245,0
246,0
247,0
248,1
249,0
250,0
251,0
252,1
253,0
254,0
255,0
256,0
257,3
258,0
259,1
260,0
261,4
262,0
263,0
264,5
265,0
266,0
267,1
268,0
269,0
270,0
271,0
272,4
273,0
274,0
275,0
276,0
277,1
278,3
279,0
280,1
281,5
282,0
283,5
284,0
285,0
286,5
287,6
288,0
289,0
290,0
291,0
292,1
293,0
294,0
295,5
296,0
297,4
298,6
299,6
300,0
301,0
302,6
303,0
304,1
305,0
306,6
307,0
308,6
309,0
310,1
311,4
312,0
313,6
314,0
315,5
316,0
317,1
318,3
319,0
320,1
321,0
322,0
323,0
324,0
325,0
326,0
327,1
328,1
329,1
330,0
331,0
332,1
333,0
334,4
335,4
336,1
337,0
338,0
339,0
340,6
341,5
342,3
343,5
344,5
345,6
346,0
347,0
348,0
349,0
350,1
351,5
352,3
353,0
354,0
355,0
356,0
357,0
358,5
359,1
360,0
361,0
362,0
363,0
364,0
365,0
366,3
367,5
368,0
369,0
370,0
371,0
372,1
373,0
374,0
375,0
376,0
377,1
378,0
379,4
380,0
381,1
382,0
383,0
384,0
385,0
386,3
387,0
388,3
389,0
390,6
391,0
392,1
393,0
394,0
395,0
396,0
397,0
398,0
399,0
400,1
401,0
402,1
403,0
404,0
405,1
406,0
407,1
408,0
409,0
410,0
411,0
412,0
413,0
414,3
415,4
416,4
417,1
418,0
419,1
420,0
421,5
422,0
423,2
424,0
425,4
426,0
427,1
428,6
429,0
430,0
431,6
432,0
433,2
434,4
435,0
436,6
437,1
438,6
439,0
440,0
441,3
442,0
443,0
444,0
445,3
446,0
447,4
448,0
449,0
450,0
451,0
452,0
453,0
454,3
455,6
456,0
457,1
458,0
459,4
460,1
461,2
462,0
463,1
464,0
465,3
466,1
467,5
468,1
469,0
470,0
471,0
472,5
473,0
474,5
475,0
476,0
477,1
478,6
479,0
480,0
481,0
482,0
483,0
484,0
485,3
486,1
487,0
488,0
489,3
490,0
491,0
492,0
493,0
494,0
495,1
496,0
497,5
498,0
499,0
500,0
501,3
502,4
503,5
504,1
505,2
506,1
507,5
508,1
509,6
510,0
511,4
512,5
513,5
514,1
515,0
516,0
517,0
518,6
519,6
520,0
521,6
522,4
523,0
524,1
525,5
526,4
527,5
528,0
529,0
530,0
531,0
532,3
533,1
534,0
535,1
536,6
537,0
538,0
539,6
540,0
541,0
542,6
543,0
544,1
545,4
546,2
547,6
548,0
549,0
550,0
551,0
552,0
553,0
554,0
555,1
556,1
557,0
558,1
559,0
560,0
561,0
562,1
563,1
564,0
565,0
566,5
567,4
568,1
569,3
570,0
571,0
572,5
573,4
574,0
575,4
576,1
577,0
578,6
579,0
580,0
581,0
582,2
583,0
584,1
585,0
586,0
587,0
588,1
589,2
590,0
591,5
592,0
593,0
594,5
595,0
596,0
597,6
598,0
599,3
600,0
601,0
602,1
603,0
604,4
605,0
606,0
607,0
608,4
609,0
610,3
611,4
612,1
613,0
614,5
615,5
616,0
617,6
618,5
619,0
620,0
621,0
622,1
623,1
624,0
625,0
626,1
627,0
628,0
629,1
630,1
631,5
632,5
633,5
634,6
635,0
636,0
637,5
638,0
639,0
640,0
641,1
642,0
643,0
644,0
645,4
646,4
647,0
648,0
649,0
650,3
651,0
652,4
653,0
654,0
655,0
656,5
657,0
658,0
659,1
660,0
661,0
662,0
663,1
664,5
665,2
666,0
667,0
668,0
669,0
670,0
671,0
672,0
673,5
674,1
675,1
676,5
677,3
678,0
679,4
680,6
681,5
682,1
683,0
684,3
685,0
686,0
687,4
688,0
689,0
690,0
691,0
692,5
693,3
694,1
695,0
696,5
697,6
698,0
699,3
700,0
701,0
702,3
703,3
704,0
705,4
706,0
707,0
708,0
709,0
710,4
711,5
712,0
713,3
714,1
715,6
716,1
717,0
718,1
719,5
720,6
721,0
722,0
723,0
724,0
725,0
726,0
727,0
728,3
729,0
730,0
731,1
732,0
733,4
734,2
735,0
736,0
737,0
738,0
739,5
740,6
741,0
742,3
743,0
744,1
745,6
746,1
747,0
748,0
749,2
750,5
751,5
752,6
753,1
754,5
755,2
756,0
757,5
758,2
759,5
760,1
761,0
762,6
763,0
764,1
765,5
766,1
767,6
768,0
769,1
770,0
771,5
772,5
773,0
774,0
775,3
776,0
777,0
778,4
779,4
780,5
781,4
782,0
783,6
784,5
785,0
786,3
787,0
788,5
789,0
790,0
791,0
792,0
793,6
794,1
795,6
796,3
797,0
798,6
799,3
800,3
801,1
802,6
803,5
804,1
805,4
806,0
807,0
808,0
809,0
810,6
811,3
812,0
813,0
814,0
815,4
816,5
817,3
818,5
819,0
820,4
821,0
822,0
823,6
824,0
825,3
826,0
827,0
828,0
829,0
830,1
831,0
832,0
833,0
834,0
835,1
836,6
837,1
838,0
839,0
840,0
841,4
842,5
843,0
844,1
845,0
846,5
847,0
848,3
849,1
850,0
851,0
852,5
853,0
854,0
855,0
856,3
857,6
858,0
859,0
860,0
861,0
862,4
863,5
864,1
865,0
866,3
867,1
868,1
869,0
870,1
871,0
872,3
873,0
874,0
875,0
876,0
877,6
878,0
879,5
880,0
881,3
882,3
883,0
884,0
885,0
886,1
887,0
888,5
889,6
890,0
891,0
892,2
893,0
894,0
895,6
896,3
897,1
898,0
899,0
900,1
901,0
902,0
903,0
904,5
905,1
906,0
907,0
908,6
909,0
910,2
911,1
912,1
913,5
914,0
915,0
916,6
917,0
918,6
919,3
920,0
921,0
922,0
923,0
924,3
925,2
926,0
927,0
928,0
929,4
930,3
931,3
932,5
933,0
934,1
935,0
936,1
937,0
938,6
939,0
940,0
941,4
942,0
943,0
944,0
945,1
946,0
947,6
948,0
949,0
950,6
951,1
952,2
953,4
954,0
955,0
956,1
957,0
958,4
959,0
960,0
961,4
962,6
963,1
964,6
965,0
966,6
967,4
968,5
969,0
970,0
971,0
972,0
973,0
974,3
975,2
976,2
977,0
978,1
979,0
980,0
981,0
982,0
983,0
984,6
985,0
986,0
987,0
988,1
989,0
990,0
991,6
992,6
993,1
994,0
995,5
996,0
997,0
998,6
999,0
1000,0
1001,1
1002,0
1003,1
1004,0
1005,6
1006,0
1007,0
1008,0
1009,3
1010,0
1011,4
1012,3
1013,6
1014,0
1015,0
1016,0
1017,0
1018,4
1019,0
1020,0
1021,4
1022,5
1023,6
1024,0
1025,5
1026,0
1027,0
1028,0
1029,0
1030,0
1031,0
1032,0
1033,1
1034,1
1035,6
1036,0
1037,1
1038,0
1039,2
1040,1
1041,0
1042,1
1043,1
1044,0
1045,0
1046,0
1047,0
1048,5
1049,0
1050,1
1051,0
1052,0
1053,3
1054,0
1055,3
1056,0
1057,0
1058,5
1059,0
1060,6
1061,5
1062,1
1063,0
1064,0
1065,1
1066,0
1067,0
1068,1
1069,5
1070,0
1071,1
1072,0
1073,6
1074,0
1075,0
1076,0
1077,0
1078,0
1079,0
1080,6
1081,0
1082,0
1083,6
1084,0
1085,1
1086,0
1087,5
1088,0
1089,5
1090,0
1091,0
1092,1
1093,3
1094,6
1095,1
1096,1
1097,6
1098,0
1099,0
1100,1
1101,0
1102,0
1103,0
1104,5
1105,4
1106,0
1107,1
1108,0
1109,0
1110,0
1111,3
1112,6
1113,0
1114,2
1115,0
1116,6
1117,6
1118,5
1119,0
1120,1
1121,1
1122,1
1123,6
1124,4
1125,0
1126,0
1127,1
1128,0
1129,1
1130,0
1131,0
1132,3
1133,0
1134,0
1135,0
1136,6
1137,0
1138,2
1139,6
1140,6
1141,3
1142,0
1143,6
1144,0
1145,0
1146,0
1147,3
1148,0
1149,0
1150,6
1151,0
1152,5
1153,0
1154,0
1155,1
1156,0
1157,0
1158,4
1159,4
1160,0
1161,0
1162,0
1163,5
1164,0
1165,4
1166,1
1167,0
1168,0
1169,5
1170,3
1171,0
1172,0
1173,0
1174,0
1175,0
1176,1
1177,1
1178,5
1179,3
1180,0
1181,5
1182,6
1183,6
1184,0
1185,1
1186,3
1187,0
1188,2
1189,0
1190,2
1191,5
1192,5
1193,6
1194,0
1195,0
1196,0
1197,3
1198,0
1199,3
1200,0
1201,0
1202,6
1203,0
1204,0
1205,0
1206,0
1207,0
1208,1
1209,2
1210,1
1211,0
1212,0
1213,6
1214,5
1215,1
1216,1
1217,0
1218,6
1219,0
1220,0
1221,0
1222,0
1223,0
1224,0
1225,6
1226,0
1227,0
1228,3
1229,1
1230,0
1231,0
1232,6
1233,4
1234,0
1235,0
1236,0
1237,0
1238,0
1239,1
1240,1
1241,6
1242,2
1243,0
1244,1
1245,0
1246,1
1247,5
1248,0
1249,0
1250,0
1251,5
1252,0
1253,6
1254,0
1255,4
1256,0
1257,0
1258,0
1259,0
1260,0
1261,0
1262,5
1263,0
1264,3
1265,4
1266,0
1267,0
1268,5
1269,0
1270,5
1271,0
1272,6
1273,0
1274,0
1275,2
1276,0
1277,0
1278,6
1279,3
1280,0
1281,0
1282,5
1283,2
1284,0
1285,1
1286,5
1287,0
1288,0
1289,3
1290,0
1291,0
1292,3
1293,6
1294,6
1295,6
1296,1
1297,6
1298,0
1299,0
1300,0
1301,0
1302,0
1303,0
1304,0
1305,4
1306,6
1307,0
1308,0
1309,1
1310,6
1311,4
1312,4
1313,0
1314,0
1315,4
1316,0
1317,1
1318,5
1319,0
1320,0
1321,1
1322,2
1323,0
1324,0
1325,3
1326,4
1327,3
1328,3
1329,0
1330,1
1331,0
1332,0
1333,0
1334,0
1335,0
1336,5
1337,2
1338,4
1339,6
1340,0
1341,0
1342,6
1343,5
1344,0
1345,0
1346,0
1347,0
1348,0
1349,4
1350,0
1351,0
1352,0
1353,0
1354,1
1355,0
1356,2
1357,5
1358,0
1359,0
1360,3
1361,4
1362,1
1363,0
1364,0
1365,0
1366,5
1367,0
1368,0
1369,1
1370,0
1371,5
1372,5
1373,0
1374,0
1375,6
1376,5
1377,0
1378,3
1379,0
1380,0
1381,0
1382,6
1383,0
1384,0
1385,3
1386,0
1387,1
1388,0
1389,0
1390,1
1391,0
1392,5
1393,6
1394,0
1395,1
1396,0
1397,0
1398,3
1399,1
1400,6
1401,1
1402,4
1403,0
1404,0
1405,0
1406,3
1407,0
1408,1
1409,0
1410,0
1411,0
1412,0
1413,0
1414,0
1415,0
1416,0
1417,3
1418,6
1419,1
1420,4
1421,3
1422,0
1423,0
1424,1
1425,0
1426,0
1427,0
1428,0
1429,0
1430,3
1431,0
1432,6
1433,0
1434,6
1435,5
1436,3
1437,0
1438,5
1439,1
1440,0
1441,0
1442,0
1443,0
1444,0
1445,5
1446,3
1447,3
1448,3
1449,1
1450,6
1451,1
1452,0
1453,0
1454,4
1455,0
1456,0
1457,1
1458,3
1459,0
1460,3
1461,5
1462,0
1463,0
1464,0
1465,6
1466,1
1467,6
1468,0
1469,0
1470,3
1471,0
1472,0
1473,0
1474,1
1475,3
1476,0
1477,2
1478,0
1479,0
1480,0
1481,5
1482,0
1483,0
1484,1
1485,0
1486,0
1487,0
1488,1
1489,0
1490,5
1491,0
1492,5
1493,0
1494,6
1495,0
1496,4
1497,0
1498,3
1499,0
1500,0
1501,0
1502,0
1503,1
1504,1
1505,0
1506,0
1507,1
1508,0
1509,0
1510,0
1511,1
1512,0
1513,0
1514,4
1515,0
1516,3
1517,6
1518,6
1519,0
1520,1
1521,3
1522,0
1523,0
1524,0
1525,0
1526,1
1527,5
1528,0
1529,0
1530,6
1531,6
1532,0
1533,1
1534,0
1535,3
1536,6
1537,2
1538,1
1539,0
1540,5
1541,0
1542,4
1543,1
1544,5
1545,0
1546,0
1547,0
1548,0
1549,0
1550,0
1551,0
1552,5
1553,0
1554,1
1555,3
1556,1
1557,0
1558,0
1559,4
1560,1
1561,1
1562,0
1563,6
1564,0
1565,1
1566,1
1567,0
1568,0
1569,0
1570,0
1571,5
1572,0
1573,0
1574,4
1575,0
1576,1
1577,0
1578,0
1579,0
1580,0
1581,1
1582,6
1583,0
1584,5
1585,0
1586,3
1587,6
1588,0
1589,5
1590,0
1591,3
1592,0
1593,6
1594,0
1595,1
1596,0
1597,0
1598,0
1599,4
1600,0
1601,1
1602,0
1603,0
1604,1
1605,0
1606,6
1607,0
1608,6
1609,5
1610,1
1611,6
1612,5
1613,5
1614,5
1615,6
1616,6
1617,0
1618,0
1619,0
1620,3
1621,1
1622,2
1623,6
1624,3
1625,0
1626,6
1627,0
1628,0
1629,5
1630,4
1631,0
1632,4
1633,4
1634,0
1635,5
1636,0
1637,0
1638,5
1639,3
1640,0
1641,3
1642,1
1643,0
1644,0
1645,1
1646,1
1647,0
1648,1
1649,0
1650,2
1651,0
1652,0
1653,1
1654,0
1655,0
1656,0
1657,0
1658,1
1659,0
1660,0
1661,5
1662,0
1663,1
1664,3
1665,3
1666,0
1667,0
1668,6
1669,6
1670,4
1671,0
1672,0
1673,0
1674,0
1675,0
1676,0
1677,0
1678,0
1679,4
1680,6
1681,0
1682,5
1683,0
1684,1
1685,0
1686,0
1687,5
1688,0
1689,1
1690,4
1691,0
1692,6
1693,0
1694,6
1695,0
1696,0
1697,0
1698,1
1699,6
1700,0
1701,0
1702,1
1703,0
1704,4
1705,0
1706,0
1707,1
1708,5
1709,3
1710,1
1711,2
1712,5
1713,1
1714,0
1715,0
1716,0
1717,3
1718,0
1719,0
1720,0
1721,6
1722,5
1723,0
1724,0
1725,1
1726,0
1727,0
1728,0
1729,0
1730,0
1731,0
1732,0
1733,0
1734,0
1735,0
1736,2
1737,0
1738,4
1739,3
1740,6
1741,1
1742,0
1743,0
1744,6
1745,5
1746,6
1747,0
1748,0
1749,4
1750,0
1751,0
1752,0
1753,0
1754,3
1755,0
1756,0
1757,1
1758,0
1759,1
1760,1
1761,0
1762,0
1763,5
1764,4
1765,0
1766,3
1767,0
1768,6
1769,1
1770,0
1771,0
1772,4
1773,6
1774,0
1775,0
1776,0
1777,1
1778,0
1779,0
1780,0
1781,1
1782,4
1783,0
1784,0
1785,0
1786,2
1787,4
1788,5
1789,0
1790,1
1791,0
1792,1
1793,0
1794,6
1795,0
1796,0
1797,6
1798,0
1799,5
1800,0
1801,6
1802,6
1803,0
1804,0
1805,3
1806,2
1807,0
1808,6
1809,0
1810,0
1811,0
1812,1
1813,0
1814,0
1815,0
1816,0
1817,6
1818,1
1819,0
1820,0
1821,5
1822,0
1823,5
1824,6
1825,0
1826,0
1827,4
1828,0
1829,0
1830,3
1831,3
1832,0
1833,0
1834,0
1835,4
1836,6
1837,0
1838,0
1839,3
1840,5
1841,0
1842,4
1843,0
1844,0
1845,3
1846,0
1847,2
1848,1
1849,3
1850,0
1851,1
1852,5
1853,6
1854,2
1855,0
1856,5
1857,1
1858,0
1859,6
1860,1
1861,3
1862,0
1863,0
1864,0
1865,4
1866,0
1867,0
1868,0
1869,1
1870,3
1871,6
1872,4
1873,3
1874,4
1875,0
1876,0
1877,4
1878,2
1879,2
1880,5
1881,4
1882,0
1883,1
1884,0
1885,6
1886,0
1887,0
1888,1
1889,0
1890,0
1891,0
1892,5
1893,0
1894,0
1895,1
1896,0
1897,5
1898,1
1899,6
1900,3
1901,5
1902,5
1903,0
1904,0
1905,4
1906,4
1907,4
1908,0
1909,0
1910,6
1911,1
1912,6
1913,0
1914,4
1915,5
1916,3
1917,5
1918,0
1919,0
1920,0
1921,1
1922,5
1923,0
1924,0
1925,5
1926,4
1927,1
1928,5
1929,0
1930,6
1931,6
1932,3
1933,0
1934,5
1935,6
1936,4
1937,0
1938,0
1939,6
1940,0
1941,1
1942,2
1943,0
1944,0
1945,5
1946,0
1947,0
1948,6
1949,1
1950,0
1951,0
1952,5
1953,0
1954,4
1955,5
1956,0
1957,0
1958,0
1959,0
1960,0
1961,0
1962,6
1963,0
1964,1
1965,0
1966,0
1967,0
1968,1
1969,0
1970,0
1971,0
1972,1
1973,0
1974,0
1975,1
1976,6
1977,5
1978,0
1979,0
1980,3
1981,0
1982,0
1983,0
1984,0
1985,0
1986,1
1987,6
1988,0
1989,0
1990,0
1991,0
1992,0
1993,0
1994,1
1995,0
1996,0
1997,0
1998,6
1999,6
2000,4
2001,1
2002,0
2003,0
2004,4
2005,0
2006,1
2007,0
2008,0
2009,0
2010,4
2011,0
2012,0
2013,0
2014,6
2015,5
2016,1
2017,6
2018,3
2019,0
2020,0
2021,0
2022,0
2023,6
2024,5
2025,2
2026,1
2027,2
2028,0
2029,0
2030,6
2031,1
2032,1
2033,1
2034,0
2035,0
2036,0
2037,0
2038,0
2039,3
2040,0
2041,0
2042,1
2043,6
2044,0
2045,1
2046,0
2047,4
2048,6
2049,5
2050,3
2051,0
2052,0
2053,0
2054,0
2055,6
2056,5
2057,0
2058,0
2059,6
2060,0
2061,0
2062,0
2063,2
2064,6
2065,0
2066,0
2067,1
2068,6
2069,0
2070,1
2071,0
2072,1
2073,0
2074,0
2075,0
2076,0
2077,0
2078,1
2079,6
2080,4
2081,0
2082,5
2083,6
2084,1
2085,0
2086,3
2087,4
2088,1
2089,6
2090,5
2091,1
2092,0
2093,0
2094,6
2095,0
2096,5
2097,0
2098,3
2099,0
2100,0
2101,6
2102,3
2103,0
2104,0
2105,0
2106,4
2107,1
2108,0
2109,0
2110,1
2111,0
2112,1
2113,5
2114,0
2115,6
2116,0
2117,0
2118,1
2119,4
2120,1
2121,0
2122,4
2123,2
2124,0
2125,0
2126,4
2127,0
2128,1
2129,0
2130,1
2131,0
2132,0
2133,0
2134,0
2135,0
2136,4
2137,0
2138,0
2139,0
2140,0
2141,0
2142,6
2143,1
2144,2
2145,0
2146,0
2147,0
2148,0
2149,4
2150,3
2151,5
2152,0
2153,2
2154,0
2155,0
2156,0
2157,1
2158,4
2159,0
2160,0
2161,3
2162,1
2163,0
2164,0
2165,0
2166,0
2167,0
2168,0
2169,0
2170,0
2171,1
2172,5
2173,6
2174,0
2175,1
2176,0
2177,1
2178,0
2179,0
2180,0
2181,0
2182,0
2183,0
2184,6
2185,0
2186,6
2187,4
2188,0
2189,1
2190,6
2191,0
2192,0
2193,6
2194,0
2195,0
2196,0
2197,0
2198,0
2199,0
2200,4
2201,0
2202,0
2203,0
2204,0
2205,4
2206,3
2207,0
2208,1
2209,6
2210,5
2211,5
2212,0
2213,0
2214,0
2215,3
2216,1
2217,5
2218,0
2219,5
2220,0
2221,5
2222,6
2223,0
2224,3
2225,1
2226,4
2227,0
2228,1
2229,4
2230,0
2231,5
2232,0
2233,0
2234,0
2235,5
2236,1
2237,0
2238,0
2239,0
2240,5
2241,0
2242,0
2243,2
2244,0
2245,6
2246,0
2247,6
2248,0
2249,0
2250,0
2251,1
2252,0
2253,3
2254,0
2255,0
2256,2
2257,5
2258,1
2259,6
2260,1
2261,0
2262,0
2263,0
2264,6
2265,3
2266,0
2267,6
2268,3
2269,0
2270,0
2271,0
2272,1
2273,0
2274,3
2275,0
2276,3
2277,5
2278,0
2279,0
2280,0
2281,0
2282,1
2283,0
2284,5
2285,5
2286,6
2287,0
2288,0
2289,4
2290,1
2291,1
2292,0
2293,4
2294,4
2295,1
2296,5
2297,0
2298,0
2299,1
2300,0
2301,0
2302,6
2303,0
2304,6
2305,6
2306,3
2307,2
2308,1
2309,0
2310,3
2311,3
2312,6
2313,5
2314,0
2315,1
2316,4
2317,0
2318,0
2319,2
2320,0
2321,0
2322,0
2323,0
2324,0
2325,1
2326,6
2327,5
2328,0
2329,1
2330,0
2331,0
2332,1
2333,0
2334,0
2335,0
2336,0
2337,0
2338,0
2339,0
2340,6
2341,0
2342,0
2343,5
2344,0
2345,0
2346,3
2347,0
2348,0
2349,0
2350,3
2351,0
2352,0
2353,0
2354,0
2355,0
2356,0
2357,0
2358,0
2359,0
2360,6
2361,1
2362,0
2363,4
2364,4
2365,0
2366,5
2367,6
2368,0
2369,0
2370,3
2371,0
2372,0
2373,0
2374,0
2375,0
2376,0
2377,0
2378,1
2379,4
2380,0
2381,6
2382,5
2383,2
2384,0
2385,0
2386,3
2387,0
2388,1
2389,3
2390,0
2391,3
2392,1
2393,0
2394,5
2395,4
2396,1
2397,5
2398,5
2399,0
2400,0
2401,4
2402,0
2403,0
2404,0
2405,1
2406,6
2407,0
2408,0
2409,1
2410,1
2411,0
2412,0
2413,1
2414,1
2415,1
2416,5
2417,0
2418,2
2419,5
2420,0
2421,0
2422,5
2423,1
2424,0
2425,0
2426,6
2427,1
2428,5
2429,5
2430,0
2431,6
2432,0
2433,0
2434,0
2435,6
2436,0
2437,0
2438,6
2439,0
2440,0
2441,0
2442,6
2443,0
2444,6
2445,1
2446,0
2447,0
2448,0
2449,0
2450,5
2451,0
2452,0
2453,0
2454,0
2455,1
2456,0
2457,0
2458,0
2459,0
2460,2
2461,5
2462,0
2463,1
2464,0
2465,3
2466,0
2467,6
2468,0
2469,0
2470,0
2471,0
2472,0
2473,0
2474,0
2475,0
2476,6
2477,0
2478,0
2479,3
2480,3
2481,5
2482,6
2483,0
2484,2
2485,0
2486,1
2487,3
2488,0
2489,0
2490,6
2491,0
2492,6
2493,0
2494,0
2495,0
2496,0
2497,0
2498,0
2499,0
2500,0
2501,0
2502,1
2503,6
2504,0
2505,3
2506,6
2507,1
2508,3
2509,0
2510,0
2511,0
2512,0
2513,0
2514,6
2515,4
2516,6
2517,5
2518,1
2519,0
2520,5
2521,2
2522,2
2523,0
2524,5
2525,5
2526,0
2527,1
2528,0
2529,0
2530,0
2531,0
2532,6
2533,0
2534,0
2535,0
2536,0
2537,0
2538,0
2539,6
2540,0
2541,0
2542,1
2543,3
2544,0
2545,5
2546,0
2547,0
2548,0
2549,0
2550,1
2551,0
2552,0
2553,3
2554,0
2555,4
2556,3
2557,0
2558,2
2559,6
2560,0
2561,0
2562,3
2563,0
2564,3
2565,5
2566,1
2567,1
2568,5
2569,4
2570,6
2571,6
2572,0
2573,0
2574,3
2575,0
2576,0
2577,0
2578,5
2579,0
2580,0
2581,5
2582,5
2583,0
2584,1
2585,6
2586,0
2587,0
2588,3
2589,0
2590,0
2591,5
2592,1
2593,0
2594,0
2595,5
2596,3
2597,4
2598,0
2599,0
2600,1
2601,6
2602,0
2603,6
2604,0
2605,3
2606,0
2607,6
2608,1
2609,1
2610,0
2611,0
2612,0
2613,1
2614,0
2615,3
2616,0
2617,3
2618,0
2619,3
2620,0
2621,0
2622,6
2623,0
2624,5
2625,0
2626,0
2627,3
2628,0
2629,0
2630,0
2631,0
2632,0
2633,3
2634,6
2635,1
2636,0
2637,0
2638,0
2639,0
2640,0
2641,0
2642,1
2643,0
2644,1
2645,0
2646,3
2647,5
2648,6
2649,0
2650,0
2651,0
2652,0
2653,5
2654,0
2655,3
2656,6
2657,1
2658,0
2659,0
2660,0
2661,5
2662,2
2663,4
2664,6
2665,0
2666,0
2667,0
2668,0
2669,0
2670,4
2671,1
2672,0
2673,1
2674,5
2675,0
2676,0
2677,0
2678,0
2679,0
2680,0
2681,6
2682,2
2683,3
2684,0
2685,0
2686,1
2687,6
2688,0
2689,0
2690,1
2691,0
2692,0
2693,0
2694,1
2695,0
2696,5
2697,0
2698,1
2699,1
2700,1
2701,6
2702,4
2703,1
2704,0
2705,6
2706,0
2707,6
2708,0
2709,0
2710,0
2711,0
2712,0
2713,0
2714,0
2715,0
2716,5
2717,0
2718,6
2719,1
2720,6
2721,0
2722,1
2723,3
2724,0
2725,0
2726,5
2727,5
2728,0
2729,0
2730,0
2731,0
2732,0
2733,1
2734,1
2735,1
2736,0
2737,0
2738,0
2739,1
2740,5
2741,5
2742,0
2743,4
2744,0
2745,0
2746,0
2747,4
2748,0
2749,5
2750,0
2751,0
2752,2
2753,2
2754,5
2755,0
2756,0
2757,3
2758,0
2759,0
2760,5
2761,0
2762,1
2763,6
2764,0
2765,6
2766,1
2767,0
2768,0
2769,0
2770,0
2771,0
2772,0
2773,4
2774,5
2775,0
2776,5
2777,0
2778,0
2779,2
2780,1
2781,0
2782,0
2783,0
2784,0
2785,4
2786,0
2787,0
2788,0
2789,0
2790,1
2791,0
2792,0
2793,1
2794,0
2795,1
2796,1
2797,0
2798,0
2799,0
2800,1
2801,4
2802,0
2803,0
2804,5
2805,1
2806,1
2807,1
2808,6
2809,0
2810,0
2811,0
2812,0
2813,4
2814,0
2815,5
2816,0
2817,0
2818,0
2819,0
2820,0
2821,5
2822,0
2823,1
2824,0
2825,2
2826,0
2827,1
2828,3
2829,0
2830,0
2831,1
2832,1
2833,4
2834,6
2835,0
2836,3
2837,5
2838,4
2839,1
2840,4
2841,4
2842,6
2843,6
2844,3
2845,0
2846,6
2847,1
2848,3
2849,1
2850,0
2851,0
2852,0
2853,0
2854,6
2855,0
2856,0
2857,0
2858,0
2859,1
2860,4
2861,1
2862,0
2863,1
2864,0
2865,6
2866,0
2867,2
2868,6
2869,1
2870,5
2871,4
2872,0
2873,1
2874,6
2875,0
2876,2
2877,0
2878,0
2879,0
2880,0
2881,1
2882,4
2883,0
2884,0
2885,1
2886,0
2887,0
2888,0
2889,0
2890,0
2891,5
2892,4
2893,6
2894,0
2895,2
2896,0
2897,0
2898,0
2899,0
2900,0
2901,0
2902,0
2903,4
2904,0
2905,0
2906,0
2907,1
2908,5
2909,0
2910,5
2911,0
2912,0
2913,1
2914,6
2915,5
2916,0
2917,5
2918,4
2919,0
2920,0
2921,1
2922,3
2923,6
2924,0
2925,0
2926,0
2927,0
2928,5
2929,1
2930,0
2931,0
2932,0
2933,0
2934,2
2935,3
2936,1
2937,0
2938,0
2939,0
2940,1
2941,1
2942,0
2943,0
2944,6
2945,4
2946,0
2947,1
2948,0
2949,0
2950,0
2951,0
2952,2
2953,6
2954,0
2955,0
2956,5
2957,0
2958,2
2959,5
2960,0
2961,0
2962,0
2963,3
2964,0
2965,0
2966,3
2967,0
2968,0
2969,0
2970,0
2971,1
2972,0
2973,0
2974,5
2975,0
2976,0
2977,0
2978,5
2979,0
2980,0
2981,6
2982,6
2983,0
2984,0
2985,2
2986,0
2987,0
2988,0
2989,0
2990,4
2991,5
2992,0
2993,6
2994,0
2995,5
2996,2
2997,4
2998,3
2999,1
3000,4
3001,4
3002,1
3003,6
3004,0
3005,0
3006,6
3007,0
3008,5
3009,0
3010,1
3011,0
3012,1
3013,0
3014,0
3015,6
3016,0
3017,3
3018,5
3019,0
3020,5
3021,0
3022,0
3023,0
3024,0
3025,1
3026,3
3027,1
3028,2
3029,1
3030,6
3031,5
3032,6
3033,1
3034,0
3035,0
3036,0
3037,1
3038,0
3039,5
3040,5
3041,0
3042,0
3043,5
3044,0
3045,0
3046,2
3047,0
3048,0
3049,1
3050,2
3051,0
3052,0
3053,5
3054,0
3055,0
3056,6
3057,3
3058,0
3059,0
3060,0
3061,0
3062,6
3063,0
3064,0
3065,0
3066,0
3067,5
3068,3
3069,0
3070,1
3071,0
3072,3
3073,0
3074,0
3075,2
3076,0
3077,3
3078,0
3079,0
3080,0
3081,5
3082,0
3083,0
3084,0
3085,0
3086,1
3087,1
3088,0
3089,1
3090,0
3091,4
3092,0
3093,1
3094,0
3095,0
3096,2
3097,5
3098,0
3099,6
3100,1
3101,5
3102,3
3103,0
3104,3
3105,0
3106,5
3107,0
3108,1
3109,0
3110,1
3111,0
3112,4
3113,0
3114,0
3115,0
3116,0
3117,0
3118,0
3119,4
3120,0
3121,0
3122,6
3123,1
3124,0
3125,0
3126,0
3127,0
3128,6
3129,4
3130,0
3131,0
3132,5
3133,0
3134,5
3135,2
3136,3
3137,0
3138,0
3139,1
3140,0
3141,0
3142,4
3143,0
3144,0
3145,0
3146,0
3147,0
3148,0
3149,1
3150,0
3151,3
3152,0
3153,1
3154,0
3155,0
3156,0
3157,5
3158,0
3159,0
3160,0
3161,3
3162,0
3163,1
3164,0
3165,0
3166,0
3167,1
3168,0
3169,0
3170,5
3171,0
3172,0
3173,0
3174,1
3175,6
3176,0
3177,0
3178,0
3179,5
3180,1
3181,4
3182,3
3183,0
3184,0
3185,1
3186,0
3187,0
3188,6
3189,1
3190,0
3191,1
3192,0
3193,3
3194,0
3195,0
3196,0
3197,1
3198,2
3199,0
3200,0
3201,0
3202,0
3203,0
3204,0
3205,0
3206,3
3207,4
3208,0
3209,0
3210,0
3211,6
3212,0
3213,0
3214,0
3215,1
3216,0
3217,1
3218,0
3219,6
3220,0
3221,3
3222,0
3223,0
3224,0
3225,0
3226,0
3227,6
3228,0
3229,0
3230,0
3231,6
3232,4
3233,0
3234,0
3235,0
3236,0
3237,5
3238,0
3239,6
3240,4
3241,4
3242,4
3243,3
3244,0
3245,6
3246,0
3247,0
3248,3
3249,0
3250,4
3251,0
3252,0
3253,2
3254,6
3255,2
3256,3
3257,0
3258,0
3259,0
3260,4
3261,5
3262,5
3263,3
3264,1
3265,0
3266,1
3267,6
3268,0
3269,0
3270,6
3271,1
3272,6
3273,0
3274,5
3275,0
3276,0
3277,0
3278,2
3279,3
3280,4
3281,0
3282,0
3283,0
3284,0
3285,0
3286,0
3287,0
3288,0
3289,6
3290,1
3291,0
3292,0
3293,0
3294,5
3295,0
3296,3
3297,0
3298,0
3299,1
3300,4
3301,1
3302,0
3303,0
3304,0
3305,6
3306,6
3307,0
3308,0
3309,6
3310,3
3311,0
3312,0
3313,0
3314,4
3315,0
3316,3
3317,0
3318,0
3319,1
3320,6
3321,0
3322,4
3323,1
3324,0
3325,0
3326,5
3327,2
3328,0
3329,2
3330,1
3331,4
3332,0
3333,6
3334,0
3335,0
3336,0
3337,0
3338,5
3339,2
3340,0
3341,4
3342,3
3343,0
3344,6
3345,0
3346,0
3347,4
3348,0
3349,0
3350,6
3351,1
3352,0
3353,1
3354,1
3355,5
3356,1
3357,0
3358,0
3359,0
3360,1
3361,0
3362,3
3363,0
3364,5
3365,4
3366,0
3367,0
3368,1
3369,0
3370,5
3371,0
3372,1
3373,0
3374,0
3375,0
3376,0
3377,6
3378,0
3379,0
3380,0
3381,0
3382,4
3383,0
3384,5
3385,1
3386,6
3387,0
3388,1
3389,5
3390,4
3391,0
3392,6
3393,0
3394,0
3395,0
3396,0
3397,0
3398,0
3399,6
3400,0
3401,6
3402,0
3403,2
3404,0
3405,0
3406,1
3407,5
3408,0
3409,0
3410,0
3411,1
3412,0
3413,2
3414,0
3415,1
3416,3
3417,6
3418,6
3419,0
3420,5
3421,0
3422,0
3423,3
3424,0
3425,0
3426,1
3427,0
3428,0
3429,0
3430,3
3431,0
3432,0
3433,3
3434,1
3435,2
3436,1
3437,1
3438,1
3439,6
3440,0
3441,0
3442,1
3443,0
3444,0
3445,3
3446,5
3447,0
3448,0
3449,5
3450,0
3451,0
3452,5
3453,0
3454,0
3455,0
3456,0
3457,6
3458,1
3459,0
3460,0
3461,1
3462,0
3463,0
3464,0
3465,0
3466,0
3467,4
3468,6
3469,1
3470,6
3471,5
3472,0
3473,0
3474,2
3475,4
3476,0
3477,0
3478,0
3479,0
3480,4
3481,1
3482,0
3483,0
3484,3
3485,4
3486,5
3487,0
3488,0
3489,0
3490,6
3491,4
3492,0
3493,0
3494,0
3495,0
3496,0
3497,2
3498,3
3499,0
3500,0
3501,0
3502,1
3503,0
3504,0
3505,1
3506,0
3507,1
3508,5
3509,0
3510,4
3511,0
3512,0
3513,4
3514,0
3515,0
3516,0
3517,3
3518,1
3519,2
3520,0
3521,4
3522,0
3523,0
3524,5
3525,0
3526,1
3527,0
3528,0
3529,0
3530,0
3531,0
3532,1
3533,4
3534,4
3535,4
3536,0
3537,0
3538,6
3539,3
3540,6
3541,0
3542,0
3543,0
3544,0
3545,1
3546,0
3547,0
3548,2
3549,4
3550,0
3551,0
3552,0
3553,0
3554,3
3555,0
3556,0
3557,0
3558,0
3559,0
3560,0
3561,0
3562,4
3563,0
3564,0
3565,6
3566,0
3567,0
3568,0
3569,0
3570,0
3571,0
3572,1
3573,0
3574,1
3575,1
3576,0
3577,0
3578,0
3579,0
3580,0
3581,3
3582,0
3583,0
3584,0
3585,1
3586,0
3587,0
3588,1
3589,0
3590,0
3591,0
3592,0
3593,1
3594,0
3595,1
3596,1
3597,0
3598,0
3599,0
3600,0
3601,0
3602,0
3603,0
3604,0
3605,0
3606,0
3607,1
3608,0
3609,1
3610,1
3611,0
3612,3
3613,5
3614,0
3615,0
3616,1
3617,3
3618,1
3619,0
3620,0
3621,3
3622,0
3623,0
3624,0
3625,0
3626,4
3627,0
3628,0
3629,6
3630,0
3631,0
3632,0
3633,0
3634,3
3635,0
3636,5
3637,0
3638,0
3639,0
3640,5
3641,0
3642,1
3643,4
3644,0
3645,0
3646,0
3647,0
3648,0
3649,5
3650,1
3651,1
3652,0
3653,0
3654,0
3655,0
3656,6
3657,0
3658,6
3659,6
3660,1
3661,0
3662,0
3663,1
3664,0
3665,0
3666,0
3667,5
3668,1
3669,0
3670,5
3671,0
3672,0
3673,0
3674,5
3675,1
3676,6
3677,0
3678,0
3679,0
3680,4
3681,6
3682,0
3683,4
3684,0
3685,0
3686,6
3687,1
3688,1
3689,1
3690,0
3691,4
3692,0
3693,2
3694,0
3695,6
3696,6
3697,0
3698,5
3699,0
3700,0
3701,1
3702,0
3703,0
3704,6
3705,0
3706,4
3707,0
3708,1
3709,0
3710,6
3711,0
3712,2
3713,0
3714,0
3715,0
3716,3
3717,0
3718,0
3719,3
3720,0
3721,0
3722,5
3723,4
3724,0
3725,5
3726,0
3727,0
3728,0
3729,0
3730,0
3731,1
3732,5
3733,0
3734,2
3735,0
3736,0
3737,0
3738,0
3739,0
3740,5
3741,0
3742,4
3743,1
3744,1
3745,0
3746,3
3747,2
3748,2
3749,6
3750,1
3751,0
3752,0
3753,0
3754,0
3755,2
3756,0
3757,4
3758,0
3759,0
3760,0
3761,4
3762,0
3763,0
3764,0
3765,0
3766,0
3767,0
3768,0
3769,0
3770,0
3771,0
3772,0
3773,0
3774,0
3775,4
3776,0
3777,0
3778,0
3779,6
3780,4
3781,0
3782,0
3783,0
3784,0
3785,0
3786,0
3787,1
3788,5
3789,6
3790,0
3791,1
3792,3
3793,0
3794,6
3795,0
3796,0
3797,0
3798,1
3799,5
3800,0
3801,0
3802,6
3803,4
3804,5
3805,0
3806,0
3807,0
3808,1
3809,5
3810,0
3811,6
3812,0
3813,0
3814,1
3815,0
3816,0
3817,1
3818,6
3819,0
3820,0
3821,1
3822,0
3823,1
3824,0
3825,0
3826,0
3827,0
3828,3
3829,0
3830,3
3831,6
3832,5
3833,0
3834,0
3835,0
3836,1
3837,0
3838,0
3839,1
3840,6
3841,0
3842,1
3843,3
3844,1
3845,0
3846,0
3847,0
3848,0
3849,0
3850,6
3851,4
3852,6
3853,0
3854,0
3855,1
3856,6
3857,0
3858,0
3859,0
3860,5
3861,0
3862,4
3863,1
3864,0
3865,5
3866,0
3867,1
3868,6
3869,6
3870,0
3871,4
3872,0
3873,0
3874,0
3875,5
3876,1
3877,1
3878,0
3879,5
3880,0
3881,0
3882,5
3883,6
3884,1
3885,6
3886,5
3887,1
3888,1
3889,0
3890,0
3891,3
3892,5
3893,6
3894,0
3895,6
3896,0
3897,0
3898,4
3899,5
3900,4
3901,4
3902,3
3903,1
3904,0
3905,0
3906,3
3907,0
3908,1
3909,0
3910,0
3911,3
3912,0
3913,0
3914,2
3915,0
3916,1
3917,1
3918,0
3919,0
3920,1
3921,0
3922,0
3923,2
3924,0
3925,0
3926,0
3927,0
3928,0
3929,0
3930,1
3931,4
3932,0
3933,1
3934,0
3935,0
3936,0
3937,0
3938,5
3939,0
3940,5
3941,0
3942,3
3943,0
3944,1
3945,2
3946,0
3947,0
3948,3
3949,5
3950,0
3951,0
3952,0
3953,0
3954,4
3955,3
3956,0
3957,0
3958,0
3959,0
3960,0
3961,0
3962,0
3963,0
3964,0
3965,1
3966,4
3967,0
3968,1
3969,0
3970,3
3971,0
3972,4
3973,0
3974,0
3975,5
3976,5
3977,2
3978,0
3979,1
3980,0
3981,0
3982,1
3983,5
3984,1
3985,0
3986,0
3987,0
3988,5
3989,4
3990,0
3991,0
3992,1
3993,0
3994,5
3995,0
3996,0
3997,5
3998,5
3999,0
4000,0
4001,1
4002,0
4003,0
4004,2
4005,0
4006,0
4007,0
4008,0
4009,0
4010,0
4011,0
4012,0
4013,0
4014,0
4015,0
4016,5
4017,1
4018,0
4019,1
4020,0
4021,4
4022,6
4023,0
4024,0
4025,5
4026,0
4027,2
4028,0
4029,0
4030,0
4031,0
4032,0
4033,0
4034,4
4035,1
4036,0
4037,0
4038,0
4039,0
4040,4
4041,1
4042,0
4043,6
4044,0
4045,5
4046,0
4047,0
4048,6
4049,0
4050,5
4051,1
4052,6
4053,0
4054,6
4055,0
4056,0
4057,0
4058,0
4059,0
4060,0
4061,0
4062,0
4063,4
4064,0
4065,3
4066,0
4067,0
4068,0
4069,0
4070,0
4071,0
4072,0
4073,0
4074,0
4075,0
4076,1
4077,0
4078,0
4079,0
4080,6
4081,6
4082,0
4083,0
4084,6
4085,0
4086,0
4087,3
4088,6
4089,0
4090,0
4091,5
4092,2
4093,0
4094,0
4095,0
4096,1
4097,0
4098,4
4099,6
4100,1
4101,0
4102,1
4103,0
4104,0
4105,0
4106,3
4107,6
4108,6
4109,1
4110,4
4111,2
4112,0
4113,0
4114,0
4115,1
4116,0
4117,0
4118,2
4119,0
4120,0
4121,0
4122,0
4123,6
4124,0
4125,0
4126,0
4127,1
4128,0
4129,4
4130,0
4131,0
4132,1
4133,0
4134,0
4135,0
4136,6
4137,5
4138,0
4139,1
4140,0
4141,0
4142,0
4143,5
4144,0
4145,0
4146,0
4147,6
4148,0
4149,0
4150,1
4151,0
4152,0
4153,0
4154,0
4155,0
4156,0
4157,6
4158,0
4159,0
4160,6
4161,0
4162,0
4163,0
4164,6
4165,0
4166,0
4167,0
4168,4
4169,0
4170,0
4171,0
4172,0
4173,5
4174,0
4175,0
4176,3
4177,4
4178,1
4179,4
4180,0
4181,3
4182,0
4183,4
4184,6
4185,0
4186,0
4187,3
4188,0
4189,0
4190,0
4191,6
4192,5
4193,1
4194,6
4195,5
4196,1
4197,1
4198,0
4199,4
4200,6
4201,5
4202,1
4203,0
4204,4
4205,0
4206,6
4207,4
4208,1
4209,2
4210,0
4211,0
4212,3
4213,0
4214,0
4215,1
4216,1
4217,4
4218,0
4219,0
4220,1
4221,0
4222,0
4223,0
4224,0
4225,4
4226,0
4227,0
4228,4
4229,0
4230,4
4231,4
4232,0
4233,0
4234,1
4235,5
4236,0
4237,1
4238,5
4239,3
4240,0
4241,0
4242,0
4243,1
4244,0
4245,1
4246,4
4247,6
4248,0
4249,0
4250,4
4251,5
4252,5
4253,0
4254,0
4255,0
4256,0
4257,6
4258,1
4259,4
4260,5
4261,6
4262,1
4263,0
4264,2
4265,4
4266,1
4267,4
4268,0
4269,6
4270,2
4271,0
4272,2
4273,1
4274,0
4275,0
4276,6
4277,1
4278,0
4279,0
4280,5
4281,6
4282,0
4283,1
4284,1
4285,0
4286,0
4287,0
4288,3
4289,0
4290,0
4291,5
4292,0
4293,0
4294,0
4295,0
4296,0
4297,0
4298,0
4299,0
4300,0
4301,1
4302,0
4303,1
4304,0
4305,0
4306,0
4307,5
4308,6
4309,6
4310,0
4311,0
4312,6
4313,0
4314,0
4315,0
4316,3
4317,0
4318,0
4319,0
4320,0
4321,0
4322,4
4323,0
4324,3
4325,3
4326,6
4327,1
4328,0
4329,0
4330,5
4331,1
4332,1
4333,0
4334,1
4335,0
4336,1
4337,4
4338,1
4339,0
4340,0
4341,0
4342,3
4343,4
4344,0
4345,0
4346,0
4347,0
4348,0
4349,4
4350,0
4351,0
4352,0
4353,0
4354,1
4355,0
4356,0
4357,5
4358,0
4359,1
4360,1
4361,6
4362,1
4363,4
4364,0
4365,6
4366,0
4367,0
4368,4
4369,0
4370,0
4371,3
4372,0
4373,4
4374,0
4375,4
4376,0
4377,6
4378,0
4379,1
4380,0
4381,0
4382,0
4383,5
4384,0
4385,6
4386,0
4387,6
4388,1
4389,5
4390,0
4391,0
4392,0
4393,1
4394,0
4395,6
4396,0
4397,0
4398,4
4399,0
4400,0
4401,0
4402,2
4403,1
4404,2
4405,0
4406,1
4407,1
4408,6
4409,0
4410,1
4411,0
4412,0
4413,1
4414,0
4415,0
4416,0
4417,5
4418,0
4419,1
4420,0
4421,0
4422,0
4423,0
4424,0
4425,6
4426,3
4427,0
4428,0
4429,0
4430,6
4431,0
4432,1
4433,0
4434,6
4435,0
4436,1
4437,0
4438,0
4439,4
4440,5
4441,0
4442,1
4443,3
4444,1
4445,5
4446,0
4447,0
4448,5
4449,0
4450,1
4451,0
4452,1
4453,0
4454,5
4455,0
4456,0
4457,6
4458,4
4459,0
4460,0
4461,0
4462,6
4463,0
4464,0
4465,0
4466,5
4467,0
4468,0
4469,0
4470,0
4471,0
4472,3
4473,6
4474,0
4475,0
4476,0
4477,0
4478,0
4479,1
4480,4
4481,0
4482,6
4483,6
4484,0
4485,4
4486,0
4487,0
4488,0
4489,0
4490,4
4491,0
4492,5
4493,0
4494,0
4495,0
4496,1
4497,3
4498,0
4499,0
4500,0
4501,4
4502,0
4503,0
4504,0
4505,2
4506,4
4507,0
4508,0
4509,6
4510,6
4511,0
4512,0
4513,0
4514,0
4515,6
4516,0
4517,2
4518,0
4519,4
4520,6
4521,0
4522,0
4523,0
4524,0
4525,0
4526,4
4527,0
4528,2
4529,0
4530,0
4531,0
4532,4
4533,6
4534,1
4535,3
4536,3
4537,1
4538,0
4539,0
4540,0
4541,1
4542,1
4543,0
4544,1
4545,0
4546,1
4547,6
4548,0
4549,0
4550,3
4551,0
4552,0
4553,0
4554,5
4555,4
4556,1
4557,0
4558,1
4559,0
4560,0
4561,5
4562,1
4563,0
4564,0
4565,0
4566,0
4567,5
4568,0
4569,6
4570,1
4571,0
4572,4
4573,0
4574,0
4575,1
4576,2
4577,0
4578,0
4579,6
4580,0
4581,1
4582,0
4583,6
4584,1
4585,0
4586,0
4587,1
4588,0
4589,0
4590,3
4591,6
4592,0
4593,0
4594,0
4595,1
4596,0
4597,0
4598,4
4599,6
4600,1
4601,0
4602,6
4603,0
4604,4
4605,6
4606,1
4607,4
4608,1
4609,0
4610,4
4611,3
4612,0
4613,2
4614,6
4615,1
4616,6
4617,0
4618,6
4619,0
4620,5
4621,1
4622,0
4623,0
4624,1
4625,1
4626,0
4627,0
4628,0
4629,0
4630,0
4631,0
4632,0
4633,1
4634,0
4635,0
4636,0
4637,0
4638,4
4639,1
4640,0
4641,0
4642,1
4643,5
4644,0
4645,0
4646,0
4647,1
4648,3
4649,0
4650,4
4651,1
4652,3
4653,0
4654,0
4655,1
4656,5
4657,4
4658,0
4659,0
4660,0
4661,0
4662,0
4663,0
4664,1
4665,6
4666,0
4667,5
4668,0
4669,0
4670,0
4671,0
4672,0
4673,0
4674,5
4675,0
4676,4
4677,6
4678,5
4679,0
4680,4
4681,2
4682,0
4683,5
4684,0
4685,0
4686,0
4687,1
4688,0
4689,0
4690,1
4691,0
4692,3
4693,0
4694,0
4695,0
4696,0
4697,6
4698,0
4699,3
4700,0
4701,0
4702,0
4703,0
4704,0
4705,1
4706,3
4707,0
4708,0
4709,5
4710,4
4711,0
4712,0
4713,0
4714,6
4715,0
4716,4
4717,1
4718,5
4719,3
4720,0
4721,6
4722,3
4723,0
4724,0
4725,2
4726,0
4727,0
4728,0
4729,4
4730,1
4731,1
4732,0
4733,0
4734,4
4735,0
4736,0
4737,5
4738,0
4739,0
4740,1
4741,6
4742,0
4743,0
4744,1
4745,0
4746,0
4747,0
4748,4
4749,0
4750,3
4751,6
4752,3
4753,5
4754,6
4755,6
4756,0
4757,0
4758,0
4759,0
4760,4
4761,0
4762,0
4763,0
4764,5
4765,0
4766,0
4767,1
4768,1
4769,0
4770,0
4771,0
4772,3
4773,0
4774,0
4775,0
4776,0
4777,0
4778,6
4779,2
4780,6
4781,0
4782,1
4783,1
4784,0
4785,6
4786,0
4787,3
4788,0
4789,1
4790,6
4791,1
4792,6
4793,3
4794,0
4795,0
4796,0
4797,6
4798,0
4799,0
4800,4
4801,6
4802,5
4803,1
4804,1
4805,2
4806,0
4807,3
4808,0
4809,3
4810,1
4811,1
4812,0
4813,0
4814,1
4815,1
4816,0
4817,5
4818,1
4819,2
4820,6
4821,1
4822,0
4823,0
4824,3
4825,1
4826,1
4827,0
4828,0
4829,0
4830,0
4831,0
4832,0
4833,0
4834,3
4835,4
4836,1
4837,0
4838,0
4839,0
4840,3
4841,0
4842,0
4843,3
4844,4
4845,4
4846,0
4847,0
4848,6
4849,0
4850,0
4851,1
4852,1
4853,1
4854,0
4855,0
4856,0
4857,5
4858,0
4859,0
4860,0
4861,0
4862,0
4863,0
4864,0
4865,3
4866,4
4867,0
4868,6
4869,0
4870,5
4871,0
4872,0
4873,6
4874,0
4875,0
4876,0
4877,3
4878,4
4879,3
4880,0
4881,0
4882,6
4883,1
4884,0
4885,5
4886,1
4887,1
4888,0
4889,0
4890,0
4891,0
4892,0
4893,6
4894,0
4895,0
4896,1
4897,0
4898,0
4899,0
4900,0
4901,0
4902,0
4903,0
4904,0
4905,0
4906,0
4907,3
4908,0
4909,0
4910,0
4911,0
4912,5
4913,4
4914,0
4915,0
4916,0
4917,4
4918,1
4919,0
4920,0
4921,0
4922,3
4923,0
4924,1
4925,4
4926,0
4927,0
4928,5
4929,1
4930,1
4931,0
4932,3
4933,0
4934,0
4935,4
4936,5
4937,0
4938,0
4939,0
4940,3
4941,1
4942,2
4943,0
4944,4
4945,6
4946,0
4947,0
4948,1
4949,1
4950,6
4951,6
4952,4
4953,3
4954,0
4955,0
4956,0
4957,0
4958,6
4959,0
4960,5
4961,6
4962,4
4963,5
4964,5
4965,0
4966,1
4967,0
4968,2
4969,0
4970,5
4971,0
4972,0
4973,0
4974,6
4975,0
4976,0
4977,1
4978,6
4979,5
4980,0
4981,1
4982,0
4983,5
4984,0
4985,5
4986,0
4987,0
4988,6
4989,2
4990,0
4991,0
4992,1
4993,0
4994,0
4995,1
4996,5
4997,0
4998,1
4999,3
5000,1
5001,0
5002,0
5003,0
5004,2
5005,4
5006,0
5007,0
5008,1
5009,1
5010,5
5011,0
5012,0
5013,1
5014,0
5015,0
5016,0
5017,0
5018,0
5019,1
5020,3
5021,0
5022,0
5023,0
5024,3
5025,0
5026,0
5027,0
5028,5
5029,0
5030,3
5031,0
5032,0
5033,0
5034,1
5035,0
5036,4
5037,0
5038,0
5039,0
5040,5
5041,0
5042,5
5043,6
5044,5
5045,1
5046,1
5047,0
5048,1
5049,1
5050,0
5051,0
5052,0
5053,0
5054,4
5055,0
5056,0
5057,0
5058,6
5059,1
5060,0
5061,0
5062,1
5063,2
5064,5
5065,0
5066,5
5067,0
5068,0
5069,4
5070,0
5071,0
5072,5
5073,0
5074,0
5075,0
5076,6
5077,0
5078,0
5079,5
5080,2
5081,0
5082,3
5083,0
5084,4
5085,0
5086,0
5087,1
5088,3
5089,4
5090,0
5091,1
5092,3
5093,0
5094,0
5095,0
5096,0
5097,6
5098,4
5099,1
5100,0
5101,0
5102,2
5103,1
5104,1
5105,0
5106,2
5107,0
5108,0
5109,0
5110,2
5111,0
5112,1
5113,3
5114,5
5115,4
5116,4
5117,5
5118,0
5119,0
5120,5
5121,6
5122,0
5123,0
5124,0
5125,6
5126,0
5127,5
5128,6
5129,1
5130,3
5131,6
5132,1
5133,2
5134,4
5135,0
5136,0
5137,5
5138,5
5139,0
5140,0
5141,0
5142,0
5143,0
5144,0
5145,4
5146,0
5147,1
5148,0
5149,0
5150,4
5151,1
5152,0
5153,3
5154,0
5155,1
5156,0
5157,0
5158,1
5159,0
5160,0
5161,3
5162,0
5163,1
5164,0
5165,5
5166,5
5167,6
5168,1
5169,0
5170,3
5171,0
5172,6
5173,0
5174,5
5175,0
5176,5
5177,5
5178,1
5179,6
5180,1
5181,1
5182,5
5183,4
5184,0
5185,0
5186,6
5187,1
5188,0
5189,0
5190,6
5191,1
5192,6
5193,0
5194,0
5195,0
5196,0
5197,0
5198,1
5199,0
5200,0
5201,1
5202,0
5203,0
5204,0
5205,5
5206,0
5207,0
5208,0
5209,3
5210,4
5211,0
5212,4
5213,0
5214,0
5215,0
5216,3
5217,0
5218,5
5219,0
5220,0
5221,0
5222,0
5223,0
5224,5
5225,0
5226,1
5227,0
5228,2
5229,2
5230,0
5231,1
5232,5
5233,0
5234,1
5235,0
5236,4
5237,6
5238,0
5239,1
5240,6
5241,0
5242,3
5243,6
5244,1
5245,0
5246,6
5247,2
5248,1
5249,1
5250,0
5251,5
5252,0
5253,5
5254,1
5255,0
5256,0
5257,0
5258,0
5259,0
5260,0
5261,0
5262,0
5263,6
5264,0
5265,0
5266,4
5267,6
5268,0
5269,0
5270,6
5271,4
5272,4
5273,0
5274,0
5275,0
5276,0
5277,1
5278,1
5279,0
5280,0
5281,0
5282,1
5283,0
5284,0
5285,6
5286,0
5287,6
5288,6
5289,4
5290,0
5291,0
5292,6
5293,1
5294,0
5295,5
5296,0
5297,0
5298,5
5299,0
5300,0
5301,6
5302,4
5303,5
5304,0
5305,0
5306,0
5307,0
5308,0
5309,5
5310,0
5311,5
5312,5
5313,0
5314,2
5315,6
5316,0
5317,1
5318,5
5319,0
5320,6
5321,0
5322,0
5323,0
5324,0
5325,0
5326,0
5327,0
5328,4
5329,3
5330,0
5331,0
5332,2
5333,5
5334,0
5335,0
5336,0
5337,0
5338,4
5339,6
5340,0
5341,5
5342,0
5343,4
5344,0
5345,4
5346,0
5347,0
5348,0
5349,4
5350,5
5351,0
5352,0
5353,0
5354,0
5355,5
5356,0
5357,4
5358,5
5359,3
5360,3
5361,0
5362,0
5363,5
5364,0
5365,0
5366,0
5367,6
5368,0
5369,5
5370,0
5371,1
5372,0
5373,1
5374,0
5375,6
5376,0
5377,0
5378,3
5379,6
5380,0
5381,3
5382,0
5383,0
5384,0
5385,0
5386,0
5387,0
5388,0
5389,0
5390,0
5391,6
5392,0
5393,0
5394,0
5395,0
5396,0
5397,4
5398,0
5399,0
5400,0
5401,6
5402,3
5403,2
5404,0
5405,4
5406,1
5407,5
5408,0
5409,5
5410,1
5411,5
5412,6
5413,4
5414,0
5415,2
5416,0
5417,6
5418,1
5419,3
5420,0
5421,0
5422,0
5423,1
5424,0
5425,0
5426,0
5427,0
5428,0
5429,2
5430,5
5431,0
5432,4
5433,6
5434,0
5435,0
5436,0
5437,4
5438,0
5439,1
5440,0
5441,1
5442,0
5443,6
5444,0
5445,1
5446,0
5447,5
5448,3
5449,0
5450,0
5451,0
5452,0
5453,1
5454,0
5455,1
5456,0
5457,6
5458,5
5459,6
5460,0
5461,0
5462,0
5463,3
5464,0
5465,0
5466,0
5467,5
5468,0
5469,0
5470,0
5471,0
5472,5
5473,2
5474,5
5475,1
5476,5
5477,1
5478,1
5479,1
5480,2
5481,4
5482,1
5483,0
5484,1
5485,0
5486,0
5487,0
5488,6
5489,0
5490,0
5491,0
5492,0
5493,6
5494,0
5495,5
5496,3
5497,0
5498,0
5499,5
5500,0
5501,4
5502,2
5503,0
5504,0
5505,4
5506,0
5507,1
5508,6
5509,5
5510,0
5511,1
5512,0
5513,0
5514,0
5515,4
5516,0
5517,0
5518,6
5519,6
5520,0
5521,5
5522,6
5523,0
5524,0
5525,0
5526,0
5527,0
5528,6
5529,6
5530,0
5531,1
5532,0
5533,0
5534,4
5535,1
5536,4
5537,0
5538,6
5539,3
5540,0
5541,2
5542,5
5543,2
5544,0
5545,1
5546,0
5547,0
5548,5
5549,0
5550,0
5551,0
5552,0
5553,5
5554,3
5555,0
5556,6
5557,0
5558,5
5559,0
5560,1
5561,0
5562,0
5563,0
5564,0
5565,0
5566,6
5567,0
5568,3
5569,0
5570,4
5571,6
5572,2
5573,0
5574,0
5575,0
5576,0
5577,3
5578,5
5579,0
5580,1
5581,5
5582,1
5583,0
5584,1
5585,6
5586,5
5587,0
5588,0
5589,0
5590,0
5591,3
5592,1
5593,6
5594,0
5595,2
5596,1
5597,5
5598,0
5599,6
5600,0
5601,1
5602,0
5603,2
5604,1
5605,1
5606,6
5607,0
5608,3
5609,3
5610,0
5611,0
5612,6
5613,0
5614,0
5615,0
5616,1
5617,0
5618,0
5619,0
5620,0
5621,0
5622,1
5623,0
5624,0
5625,0
5626,0
5627,0
5628,0
5629,0
5630,0
5631,6
5632,0
5633,1
5634,1
5635,0
5636,6
5637,4
5638,0
5639,0
5640,0
5641,0
5642,1
5643,0
5644,1
5645,0
5646,6
5647,0
5648,6
5649,1
5650,1
5651,3
5652,1
5653,0
5654,1
5655,0
5656,5
5657,0
5658,0
5659,0
5660,6
5661,0
5662,0
5663,0
5664,0
5665,0
5666,1
5667,4
5668,0
5669,0
5670,3
5671,1
5672,0
5673,0
5674,0
5675,0
5676,1
5677,6
5678,5
5679,1
5680,1
5681,6
5682,5
5683,0
5684,0
5685,0
5686,0
5687,0
5688,0
5689,1
5690,0
5691,2
5692,0
5693,0
5694,0
5695,0
5696,5
5697,0
5698,0
5699,1
5700,6
5701,0
5702,1
5703,0
5704,2
5705,0
5706,0
5707,0
5708,5
5709,4
5710,0
5711,6
5712,0
5713,0
5714,0
5715,0
5716,2
5717,5
5718,0
5719,0
5720,5
5721,1
5722,4
5723,0
5724,0
5725,1
5726,0
5727,5
5728,0
5729,3
5730,0
5731,2
5732,5
5733,0
5734,1
5735,0
5736,2
5737,1
5738,0
5739,0
5740,5
5741,1
5742,0
5743,5
5744,0
5745,4
5746,2
5747,0
5748,6
5749,5
5750,1
5751,0
5752,0
5753,0
5754,0
5755,6
5756,0
5757,0
5758,0
5759,0
5760,0
5761,0
5762,0
5763,5
5764,6
5765,5
5766,2
5767,0
5768,0
5769,0
5770,3
5771,1
5772,1
5773,6
5774,0
5775,0
5776,0
5777,1
5778,3
5779,3
5780,0
5781,0
5782,0
5783,0
5784,0
5785,0
5786,0
5787,6
5788,4
5789,3
5790,0
5791,0
5792,0
5793,0
5794,0
5795,0
5796,4
5797,0
5798,0
5799,0
5800,0
5801,1
5802,0
5803,1
5804,0
5805,0
5806,3
5807,2
5808,5
5809,6
5810,0
5811,6
5812,0
5813,6
5814,5
5815,5
5816,0
5817,3
5818,5
5819,1
5820,3
5821,0
5822,0
5823,0
5824,0
5825,6
5826,0
5827,3
5828,0
5829,5
5830,0
5831,0
5832,6
5833,0
5834,6
5835,0
5836,0
5837,0
5838,4
5839,0
5840,0
5841,0
5842,0
5843,0
5844,3
5845,3
5846,0
5847,0
5848,0
5849,0
5850,1
5851,0
5852,1
5853,5
5854,0
5855,0
5856,6
5857,5
5858,5
5859,0
5860,0
5861,1
5862,0
5863,1
5864,0
5865,2
5866,3
5867,6
5868,0
5869,1
5870,6
5871,4
5872,0
5873,0
5874,0
5875,6
5876,5
5877,0
5878,5
5879,0
5880,0
5881,0
5882,1
5883,0
5884,6
5885,3
5886,0
5887,0
5888,1
5889,1
5890,2
5891,1
5892,0
5893,5
5894,0
5895,5
5896,6
5897,4
5898,1
5899,6
5900,0
5901,3
5902,0
5903,0
5904,0
5905,5
5906,6
5907,6
5908,0
5909,1
5910,0
5911,0
5912,1
5913,3
5914,0
5915,0
5916,1
5917,0
5918,0
5919,0
5920,1
5921,0
5922,0
5923,1
5924,0
5925,5
5926,0
5927,6
5928,5
5929,0
5930,0
5931,0
5932,0
5933,5
5934,0
5935,0
5936,0
5937,0
5938,0
5939,0
5940,0
5941,0
5942,0
5943,0
5944,0
5945,5
5946,0
5947,0
5948,0
5949,0
5950,0
5951,1
5952,1
5953,0
5954,0
5955,0
5956,0
5957,0
5958,0
5959,6
5960,1
5961,0
5962,0
5963,0
5964,5
5965,0
5966,0
5967,4
5968,1
5969,0
5970,1
5971,1
5972,0
5973,0
5974,1
5975,6
5976,0
5977,6
5978,1
5979,0
5980,0
5981,0
5982,0
5983,0
5984,3
5985,6
5986,0
5987,0
5988,1
5989,1
5990,1
5991,0
5992,0
5993,0
5994,5
5995,0
5996,1
5997,0
5998,3
5999,0
6000,0
6001,3
6002,4
6003,0
6004,0
6005,0
6006,4
6007,0
6008,5
6009,0
6010,0
6011,0
6012,4
6013,4
6014,6
6015,0
6016,0
6017,0
6018,0
6019,0
6020,6
6021,5
6022,3
6023,0
6024,0
6025,0
6026,0
6027,5
6028,0
6029,0
6030,0
6031,3
6032,6
6033,1
6034,0
6035,6
6036,0
6037,6
6038,0
6039,0
6040,1
6041,0
6042,0
6043,0
6044,0
6045,2
6046,5
6047,0
6048,0
6049,3
6050,0
6051,4
6052,1
6053,4
6054,0
6055,0
6056,6
6057,0
6058,3
6059,1
6060,3
6061,0
6062,0
6063,0
6064,0
6065,0
6066,3
6067,1
6068,1
6069,6
6070,6
6071,0
6072,2
6073,0
6074,0
6075,0
6076,0
6077,4
6078,1
6079,0
6080,4
6081,0
6082,3
6083,4
6084,0
6085,3
6086,0
6087,0
6088,4
6089,0
6090,4
6091,6
6092,1
6093,0
6094,0
6095,5
6096,0
6097,1
6098,6
6099,0
6100,0
6101,1
6102,0
6103,1
6104,5
6105,0
6106,6
6107,5
6108,0
6109,6
6110,0
6111,1
6112,0
6113,5
6114,6
6115,6
6116,0
6117,3
6118,5
6119,2
6120,0
6121,1
6122,6
6123,6
6124,0
6125,1
6126,0
6127,6
6128,4
6129,0
6130,4
6131,0
6132,0
6133,0
6134,0
6135,1
6136,6
6137,1
6138,0
6139,6
6140,0
6141,0
6142,4
6143,4
6144,0
6145,5
6146,5
6147,6
6148,0
6149,5
6150,0
6151,0
6152,2
6153,4
6154,6
6155,0
6156,1
6157,0
6158,0
6159,0
6160,4
6161,0
6162,0
6163,0
6164,0
6165,1
6166,6
6167,0
6168,6
6169,4
6170,0
6171,0
6172,0
6173,0
6174,4
6175,4
6176,1
6177,4
6178,1
6179,4
6180,3
6181,5
6182,0
6183,1
6184,0
6185,3
6186,0
6187,0
6188,0
6189,0
6190,1
6191,0
6192,0
6193,1
6194,1
6195,3
6196,0
6197,3
6198,0
6199,0
6200,1
6201,0
6202,1
6203,0
6204,5
6205,0
6206,1
6207,5
6208,0
6209,6
6210,0
6211,0
6212,0
6213,0
6214,0
6215,4
6216,3
6217,3
6218,1
6219,0
6220,0
6221,4
6222,0
6223,0
6224,6
6225,0
6226,1
6227,0
6228,0
6229,2
6230,6
6231,4
6232,0
6233,2
6234,1
6235,0
6236,6
6237,0
6238,1
6239,1
6240,6
6241,0
6242,5
6243,0
6244,2
6245,5
6246,0
6247,0
6248,1
6249,6
6250,0
6251,0
6252,1
6253,3
6254,4
6255,0
6256,0
6257,6
6258,0
6259,0
6260,0
6261,0
6262,0
6263,0
6264,0
6265,4
6266,0
6267,4
6268,0
6269,5
6270,0
6271,0
6272,6
6273,0
6274,0
6275,0
6276,0
6277,0
6278,6
6279,0
6280,1
6281,3
6282,5
6283,4
6284,5
6285,1
6286,3
6287,5
6288,3
6289,1
6290,0
6291,0
6292,0
6293,0
6294,6
6295,5
6296,0
6297,5
6298,0
6299,1
6300,1
6301,0
6302,0
6303,1
6304,0
6305,1
6306,5
6307,0
6308,4
6309,3
6310,0
6311,1
6312,4
6313,0
6314,0
6315,0
6316,0
6317,0
6318,4
6319,0
6320,0
6321,0
6322,0
6323,0
6324,0
6325,1
6326,0
6327,0
6328,5
6329,1
6330,1
6331,0
6332,3
6333,6
6334,0
6335,0
6336,3
6337,0
6338,0
6339,0
6340,0
6341,6
6342,2
6343,0
6344,1
6345,5
6346,1
6347,5
6348,0
6349,6
6350,1
6351,0
6352,0
6353,0
6354,6
6355,4
6356,4
6357,0
6358,0
6359,0
6360,0
6361,2
6362,1
6363,0
6364,0
6365,1
6366,1
6367,0
6368,0
6369,5
6370,0
6371,0
6372,1
6373,0
6374,1
6375,0
6376,0
6377,1
6378,5
6379,0
6380,5
6381,0
6382,1
6383,0
6384,0
6385,0
6386,6
6387,6
6388,3
6389,0
6390,4
6391,0
6392,0
6393,4
6394,0
6395,0
6396,0
6397,0
6398,6
6399,1
6400,3
6401,0
6402,6
6403,0
6404,0
6405,5
6406,2
6407,0
6408,4
6409,4
6410,4
6411,0
6412,0
6413,3
6414,0
6415,6
6416,0
6417,0
6418,3
6419,0
6420,0
6421,0
6422,6
6423,1
6424,0
6425,0
6426,0
6427,3
6428,1
6429,0
6430,0
6431,0
6432,0
6433,4
6434,0
6435,5
6436,4
6437,0
6438,0
6439,0
6440,0
6441,1
6442,1
6443,0
6444,5
6445,3
6446,2
6447,2
6448,0
6449,5
6450,1
6451,0
6452,0
6453,3
6454,5
6455,0
6456,5
6457,1
6458,1
6459,0
6460,0
6461,0
6462,0
6463,0
6464,0
6465,0
6466,6
6467,0
6468,6
6469,3
6470,0
6471,1
6472,0
6473,0
6474,0
6475,3
6476,5
6477,0
6478,0
6479,0
6480,0
6481,6
6482,0
6483,6
6484,2
6485,1
6486,0
6487,0
6488,0
6489,0
6490,0
6491,5
6492,1
6493,4
6494,5
6495,0
6496,4
6497,6
6498,1
6499,6
6500,0
6501,5
6502,0
6503,0
6504,0
6505,4
6506,0
6507,1
6508,0
6509,0
6510,0
6511,0
6512,0
6513,0
6514,1
6515,4
6516,0
6517,6
6518,0
6519,4
6520,0
6521,4
6522,0
6523,5
6524,0
6525,0
6526,0
6527,0
6528,6
6529,5
6530,1
6531,0
6532,0
6533,0
6534,1
6535,5
6536,0
6537,1
6538,4
6539,0
6540,0
6541,0
6542,5
6543,1
6544,5
6545,2
6546,0
6547,0
6548,4
6549,0
6550,6
6551,4
6552,0
6553,4
6554,3
6555,0
6556,1
6557,0
6558,5
6559,3
6560,6
6561,0
6562,5
6563,0
6564,0
6565,0
6566,0
6567,0
6568,1
6569,1
6570,4
6571,0
6572,0
6573,0
6574,0
6575,6
6576,3
6577,6
6578,2
6579,6
6580,2
6581,6
6582,0
6583,0
6584,0
6585,0
6586,1
6587,4
6588,3
6589,5
6590,0
6591,0
6592,0
6593,4
6594,0
6595,0
6596,0
6597,0
6598,0
6599,5
6600,0
6601,0
6602,5
6603,1
6604,3
6605,5
6606,1
6607,0
6608,0
6609,0
6610,2
6611,0
6612,0
6613,6
6614,5
6615,1
6616,1
6617,1
6618,0
6619,4
6620,0
6621,1
6622,6
6623,0
6624,0
6625,0
6626,1
6627,4
6628,1
6629,0
6630,0
6631,0
6632,0
6633,5
6634,3
6635,0
6636,0
6637,0
6638,0
6639,0
6640,0
6641,4
6642,0
6643,0
6644,0
6645,5
6646,0
6647,0
6648,0
6649,6
6650,0
6651,6
6652,3
6653,0
6654,3
6655,0
6656,6
6657,4
6658,6
6659,5
6660,6
6661,1
6662,0
6663,0
6664,0
6665,1
6666,0
6667,1
6668,1
6669,3
6670,0
6671,0
6672,0
6673,3
6674,0
6675,1
6676,0
6677,0
6678,4
6679,0
6680,2
6681,4
6682,0
6683,0
6684,0
6685,5
6686,4
6687,5
6688,6
6689,0
6690,0
6691,1
6692,0
6693,4
6694,4
6695,4
6696,0
6697,0
6698,0
6699,5
6700,0
6701,1
6702,1
6703,6
6704,4
6705,0
6706,5
6707,0
6708,0
6709,0
6710,0
6711,1
6712,0
6713,1
6714,1
6715,4
6716,1
6717,5
6718,0
6719,5
6720,6
6721,0
6722,3
6723,6
6724,0
6725,0
6726,0
6727,0
6728,0
6729,0
6730,6
6731,6
6732,4
6733,4
6734,3
6735,0
6736,6
6737,0
6738,0
6739,0
6740,0
6741,4
6742,0
6743,0
6744,5
6745,0
6746,1
6747,5
6748,0
6749,6
6750,0
6751,3
6752,1
6753,5
6754,0
6755,0
6756,0
6757,0
6758,0
6759,4
6760,0
6761,1
6762,6
6763,0
6764,0
6765,1
6766,1
6767,0
6768,0
6769,0
6770,0
6771,1
6772,0
6773,4
6774,5
6775,0
6776,1
6777,0
6778,0
6779,0
6780,4
6781,0
6782,0
6783,1
6784,0
6785,6
6786,6
6787,0
6788,0
6789,0
6790,2
6791,0
6792,0
6793,2
6794,0
6795,3
6796,5
6797,0
6798,4
6799,1
6800,0
6801,0
6802,5
6803,4
6804,5
6805,0
6806,0
6807,0
6808,4
6809,0
6810,1
6811,4
6812,0
6813,0
6814,5
6815,0
6816,1
6817,4
6818,0
6819,0
6820,0
6821,0
6822,0
6823,0
6824,0
6825,0
6826,1
6827,0
6828,5
6829,0
6830,0
6831,0
6832,2
6833,0
6834,0
6835,0
6836,0
6837,0
6838,0
6839,3
6840,0
6841,0
6842,5
6843,4
6844,0
6845,5
6846,0
6847,3
6848,0
6849,0
6850,5
6851,0
6852,1
6853,0
6854,1
6855,2
6856,6
6857,5
6858,6
6859,1
6860,6
6861,1
6862,3
6863,1
6864,6
6865,1
6866,6
6867,1
6868,1
6869,4
6870,1
6871,1
6872,0
6873,0
6874,5
6875,1
6876,0
6877,1
6878,3
6879,5
6880,5
6881,0
6882,1
6883,0
6884,1
6885,0
6886,5
6887,0
6888,0
6889,0
6890,1
6891,0
6892,0
6893,0
6894,4
6895,0
6896,0
6897,4
6898,0
6899,1
6900,0
6901,6
6902,0
6903,1
6904,6
6905,0
6906,2
6907,3
6908,0
6909,4
6910,1
6911,6
6912,0
6913,5
6914,1
6915,0
6916,0
6917,0
6918,0
6919,4
6920,0
6921,0
6922,0
6923,1
6924,4
6925,5
6926,4
6927,0
6928,6
6929,6
6930,4
6931,1
6932,0
6933,4
6934,0
6935,0
6936,6
6937,2
6938,0
6939,6
6940,2
6941,0
6942,5
6943,3
6944,0
6945,0
6946,1
6947,5
6948,0
6949,5
6950,0
6951,0
6952,0
6953,4
6954,0
6955,0
6956,5
6957,0
6958,1
6959,6
6960,0
6961,3
6962,0
6963,0
6964,0
6965,5
6966,0
6967,0
6968,6
6969,6
6970,3
6971,0
6972,1
6973,0
6974,0
6975,0
6976,0
6977,0
6978,0
6979,1
6980,6
6981,4
6982,0
6983,0
6984,0
6985,1
6986,5
6987,1
6988,0
6989,0
6990,0
6991,0
6992,0
6993,0
6994,0
6995,6
6996,0
6997,0
6998,4
6999,3
7000,0
7001,0
7002,1
7003,1
7004,0
7005,1
7006,0
7007,1
7008,0
7009,6
7010,0
7011,1
7012,0
7013,3
7014,5
7015,3
7016,4
7017,3
7018,3
7019,0
7020,0
7021,3
7022,0
7023,0
7024,3
7025,5
7026,0
7027,0
7028,6
7029,5
7030,0
7031,0
7032,6
7033,5
7034,5
7035,6
7036,0
7037,5
7038,0
7039,0
7040,4
7041,6
7042,1
7043,2
7044,0
7045,0
7046,4
7047,0
7048,4
7049,5
7050,0
7051,0
7052,0
7053,0
7054,0
7055,0
7056,0
7057,1
7058,1
7059,6
7060,2
7061,3
7062,0
7063,5
7064,6
7065,1
7066,0
7067,4
7068,0
7069,1
7070,5
7071,3
7072,0
7073,4
7074,0
7075,0
7076,0
7077,3
7078,0
7079,5
7080,3
7081,0
7082,0
7083,0
7084,1
7085,0
7086,0
7087,3
7088,3
7089,0
7090,0
7091,0
7092,3
7093,3
7094,5
7095,6
7096,0
7097,0
7098,0
7099,1
7100,0
7101,6
7102,0
7103,0
7104,5
7105,4
7106,0
7107,6
7108,0
7109,0
7110,0
7111,0
7112,0
7113,0
7114,0
7115,0
7116,5
7117,0
7118,0
7119,0
7120,0
7121,1
7122,5
7123,0
7124,0
7125,3
7126,0
7127,0
7128,0
7129,4
7130,1
7131,0
7132,0
7133,0
7134,3
7135,0
7136,0
7137,5
7138,0
7139,0
7140,0
7141,1
7142,0
7143,0
7144,0
7145,0
7146,0
7147,0
7148,0
7149,0
7150,0
7151,0
7152,0
7153,0
7154,0
7155,0
7156,1
7157,5
7158,1
7159,0
7160,1
7161,1
7162,5
7163,0
7164,0
7165,1
7166,0
7167,0
7168,0
7169,0
7170,1
7171,0
7172,0
7173,5
7174,1
7175,0
7176,0
7177,1
7178,3
7179,0
7180,1
7181,1
7182,6
7183,6
7184,6
7185,0
7186,0
7187,0
7188,6
7189,0
7190,1
7191,3
7192,5
7193,1
7194,1
7195,0
7196,1
7197,5
7198,0
7199,4
7200,0
7201,1
7202,0
7203,0
7204,0
7205,0
7206,2
7207,1
7208,0
7209,0
7210,0
7211,3
7212,5
7213,0
7214,1
7215,5
7216,0
7217,5
7218,3
7219,0
7220,1
7221,0
7222,1
7223,0
7224,0
7225,6
7226,5
7227,0
7228,4
7229,0
7230,1
7231,0
7232,2
7233,5
7234,2
7235,3
7236,0
7237,0
7238,0
7239,0
7240,1
7241,1
7242,0
7243,0
7244,0
7245,0
7246,0
7247,0
7248,0
7249,0
7250,0
7251,6
7252,0
7253,6
7254,0
7255,1
7256,6
7257,0
7258,4
7259,0
7260,1
7261,6
7262,6
7263,0
7264,0
7265,6
7266,0
7267,4
7268,6
7269,0
7270,6
7271,1
7272,6
7273,4
7274,0
7275,6
7276,0
7277,2
7278,0
7279,0
7280,0
7281,1
7282,5
7283,3
7284,0
7285,2
7286,6
7287,3
7288,0
7289,1
7290,1
7291,0
7292,0
7293,4
7294,3
7295,4
7296,3
7297,3
7298,0
7299,6
7300,0
7301,0
7302,5
7303,6
7304,6
7305,5
7306,0
7307,6
7308,1
7309,0
7310,0
7311,1
7312,0
7313,1
7314,1
7315,0
7316,0
7317,6
7318,0
7319,4
7320,0
7321,4
7322,4
7323,5
7324,6
7325,0
7326,0
7327,0
7328,6
7329,0
7330,0
7331,5
7332,1
7333,6
7334,1
7335,0
7336,0
7337,0
7338,4
7339,0
7340,0
7341,6
7342,0
7343,0
7344,0
7345,1
7346,0
7347,0
7348,0
7349,1
7350,2
7351,0
7352,3
7353,4
7354,3
7355,0
7356,0
7357,0
7358,0
7359,5
7360,0
7361,0
7362,0
7363,2
7364,5
7365,0
7366,0
7367,0
7368,6
7369,0
7370,0
7371,0
7372,3
7373,0
7374,0
7375,6
7376,0
7377,5
7378,6
7379,1
7380,3
7381,3
7382,0
7383,0
7384,4
7385,0
7386,0
7387,5
7388,0
7389,1
7390,0
7391,0
7392,0
7393,0
7394,5
7395,6
7396,6
7397,5
7398,4
7399,0
7400,1
7401,0
7402,4
7403,0
7404,0
7405,0
7406,0
7407,3
7408,3
7409,3
7410,0
7411,6
7412,3
7413,0
7414,0
7415,4
7416,2
7417,0
7418,0
7419,1
7420,0
7421,0
7422,0
7423,0
7424,3
7425,4
7426,1
7427,0
7428,5
7429,0
7430,1
7431,0
7432,4
7433,3
7434,1
7435,0
7436,6
7437,0
7438,1
7439,1
7440,5
7441,3
7442,1
7443,0
7444,0
7445,0
7446,0
7447,0
7448,0
7449,0
7450,0
7451,0
7452,5
7453,0
7454,4
7455,2
7456,3
7457,1
7458,3
7459,3
7460,0
7461,0
7462,0
7463,1
7464,5
7465,0
7466,5
7467,0
7468,1
7469,1
7470,4
7471,0
7472,0
7473,0
7474,0
7475,0
7476,0
7477,5
7478,4
7479,1
7480,3
7481,0
7482,1
7483,0
7484,0
7485,1
7486,4
7487,0
7488,5
7489,0
7490,0
7491,1
7492,6
7493,5
7494,0
7495,0
7496,0
7497,2
7498,1
7499,6
7500,0
7501,0
7502,1
7503,1
7504,0
7505,2
7506,0
7507,4
7508,6
7509,4
7510,0
7511,0
7512,0
7513,0
7514,1
7515,1
7516,0
7517,5
7518,5
7519,0
7520,0
7521,3
7522,0
7523,1
7524,0
7525,3
7526,4
7527,3
7528,0
7529,0
7530,0
7531,3
7532,1
7533,1
7534,0
7535,1
7536,0
7537,1
7538,0
7539,1
7540,5
7541,2
7542,1
7543,4
7544,3
7545,5
7546,0
7547,6
7548,5
7549,0
7550,6
7551,1
7552,0
7553,0
7554,0
7555,1
7556,0
7557,1
7558,0
7559,1
7560,6
7561,0
7562,0
7563,0
7564,0
7565,0
7566,3
7567,5
7568,0
7569,0
7570,0
7571,5
7572,5
7573,6
7574,0
7575,0
7576,0
7577,1
7578,0
7579,0
7580,0
7581,0
7582,0
7583,0
7584,0
7585,0
7586,0
7587,6
7588,0
7589,0
7590,0
7591,0
7592,0
7593,5
7594,0
7595,6
7596,0
7597,5
7598,1
7599,0
7600,0
7601,0
7602,3
7603,0
7604,0
7605,6
7606,3
7607,4
7608,5
7609,0
7610,6
7611,0
7612,0
7613,0
7614,3
7615,0
7616,0
7617,5
7618,0
7619,1
7620,0
7621,0
7622,0
7623,3
7624,0
7625,0
7626,0
7627,0
7628,0
7629,0
7630,5
7631,0
7632,0
7633,1
7634,0
7635,0
7636,4
7637,5
7638,0
7639,0
7640,0
7641,0
7642,0
7643,1
7644,1
7645,0
7646,0
7647,1
7648,4
7649,5
7650,6
7651,0
7652,6
7653,0
7654,1
7655,0
7656,0
7657,0
7658,3
7659,0
7660,0
7661,6
7662,0
7663,0
7664,2
7665,5
7666,3
7667,0
7668,6
7669,0
7670,1
7671,0
7672,0
7673,0
7674,6
7675,0
7676,0
7677,1
7678,0
7679,1
7680,0
7681,6
7682,0
7683,0
7684,0
7685,0
7686,1
7687,6
7688,2
7689,0
7690,6
7691,0
7692,6
7693,0
7694,0
7695,3
7696,6
7697,0
7698,0
7699,5
7700,0
7701,0
7702,0
7703,0
7704,0
7705,0
7706,0
7707,0
7708,0
7709,0
7710,4
7711,5
7712,5
7713,0
7714,5
7715,6
7716,0
7717,1
7718,0
7719,0
7720,4
7721,6
7722,6
7723,0
7724,2
7725,0
7726,1
7727,0
7728,1
7729,6
7730,3
7731,1
7732,1
7733,1
7734,0
7735,6
7736,0
7737,0
7738,0
7739,0
7740,0
7741,1
7742,0
7743,0
7744,0
7745,3
7746,0
7747,1
7748,0
7749,0
7750,1
7751,0
7752,0
7753,0
7754,5
7755,0
7756,6
7757,3
7758,6
7759,0
7760,0
7761,5
7762,1
7763,5
7764,5
7765,1
7766,2
7767,0
7768,0
7769,0
7770,0
7771,0
7772,0
7773,0
7774,0
7775,2
7776,0
7777,0
7778,5
7779,0
7780,0
7781,0
7782,0
7783,0
7784,0
7785,0
7786,0
7787,2
7788,1
7789,0
7790,0
7791,5
7792,0
7793,1
7794,0
7795,1
7796,0
7797,3
7798,3
7799,4
7800,0
7801,0
7802,1
7803,4
7804,0
7805,0
7806,5
7807,0
7808,3
7809,0
7810,0
7811,3
7812,1
7813,1
7814,0
7815,0
7816,1
7817,0
7818,0
7819,0
7820,0
7821,0
7822,0
7823,5
7824,0
7825,0
7826,0
7827,6
7828,0
7829,0
7830,4
7831,6
7832,6
7833,6
7834,3
7835,5
7836,6
7837,5
7838,6
7839,1
7840,0
7841,0
7842,0
7843,0
7844,2
7845,0
7846,0
7847,5
7848,1
7849,0
7850,0
7851,0
7852,1
7853,0
7854,0
7855,0
7856,3
7857,6
7858,3
7859,0
7860,0
7861,0
7862,4
7863,6
7864,0
7865,0
7866,0
7867,0
7868,0
7869,0
7870,0
7871,0
7872,3
7873,2
7874,5
7875,4
7876,0
7877,1
7878,1
7879,0
7880,0
7881,0
7882,1
7883,0
7884,1
7885,6
7886,1
7887,1
7888,4
7889,0
7890,3
7891,0
7892,0
7893,0
7894,0
7895,6
7896,1
7897,5
7898,0
7899,0
7900,0
7901,6
7902,0
7903,0
7904,0
7905,5
7906,4
7907,6
7908,0
7909,1
7910,6
7911,1
7912,0
7913,0
7914,1
7915,5
7916,0
7917,0
7918,0
7919,5
7920,1
7921,2
7922,0
7923,0
7924,4
7925,5
7926,1
7927,1
7928,5
7929,5
7930,6
7931,0
7932,0
7933,0
7934,0
7935,5
7936,0
7937,6
7938,0
7939,0
7940,1
7941,4
7942,0
7943,0
7944,0
7945,0
7946,0
7947,0
7948,0
7949,0
7950,0
7951,6
7952,0
7953,0
7954,0
7955,5
7956,0
7957,0
7958,1
7959,0
7960,0
7961,0
7962,0
7963,6
7964,1
7965,0
7966,0
7967,0
7968,4
7969,0
7970,0
7971,0
7972,0
7973,0
7974,0
7975,3
7976,0
7977,0
7978,0
7979,0
7980,0
7981,0
7982,0
7983,0
7984,0
7985,0
7986,0
7987,0
7988,0
7989,0
7990,0
7991,1
7992,6
7993,0
7994,3
7995,1
7996,0
7997,0
7998,3
7999,0
8000,0
8001,0
8002,0
8003,0
8004,0
8005,0
8006,0
8007,1
8008,6
8009,1
8010,0
8011,0
8012,2
8013,0
8014,0
8015,0
8016,2
8017,0
8018,0
8019,6
8020,6
8021,6
8022,4
8023,6
8024,2
8025,0
8026,5
8027,0
8028,4
8029,2
8030,0
8031,0
8032,1
8033,0
8034,0
8035,0
8036,0
8037,6
8038,5
8039,5
8040,1
8041,0
8042,2
8043,0
8044,0
8045,6
8046,1
8047,1
8048,1
8049,0
8050,5
8051,0
8052,0
8053,0
8054,0
8055,5
8056,6
8057,4
8058,5
8059,3
8060,0
8061,0
8062,0
8063,0
8064,0
8065,6
8066,0
8067,6
8068,0
8069,3
8070,4
8071,4
8072,5
8073,4
8074,3
8075,0
8076,0
8077,4
8078,0
8079,1
8080,0
8081,1
8082,0
8083,0
8084,3
8085,0
8086,0
8087,1
8088,1
8089,0
8090,0
8091,1
8092,0
8093,4
8094,1
8095,4
8096,0
8097,0
8098,1
8099,3
8100,1
8101,5
8102,0
8103,5
8104,0
8105,6
8106,0
8107,4
8108,0
8109,0
8110,1
8111,0
8112,0
8113,0
8114,1
8115,0
8116,5
8117,0
8118,0
8119,0
8120,6
8121,1
8122,0
8123,0
8124,0
8125,3
8126,0
8127,0
8128,5
8129,6
8130,4
8131,4
8132,3
8133,6
8134,1
8135,0
8136,1
8137,0
8138,1
8139,0
8140,0
8141,0
8142,0
8143,4
8144,0
8145,0
8146,0
8147,0
8148,6
8149,2
8150,0
8151,0
8152,0
8153,0
8154,1
8155,4
8156,0
8157,5
8158,4
8159,0
8160,0
8161,0
8162,0
8163,0
8164,0
8165,1
8166,5
8167,0
8168,0
8169,0
8170,5
8171,0
8172,0
8173,0
8174,0
8175,0
8176,0
8177,0
8178,0
8179,0
8180,0
8181,4
8182,0
8183,4
8184,5
8185,0
8186,0
8187,4
8188,4
8189,6
8190,0
8191,0
8192,3
8193,3
8194,5
8195,0
8196,0
8197,6
8198,1
8199,4
8200,5
8201,6
8202,0
8203,5
8204,0
8205,0
8206,2
8207,1
8208,0
8209,1
8210,0
8211,0
8212,0
8213,3
8214,6
8215,5
8216,0
8217,0
8218,0
8219,6
8220,0
8221,0
8222,0
8223,0
8224,1
8225,6
8226,0
8227,1
8228,5
8229,1
8230,0
8231,0
8232,0
8233,3
8234,0
8235,6
8236,0
8237,0
8238,1
8239,0
8240,0
8241,0
8242,0
8243,5
8244,3
8245,6
8246,0
8247,0
8248,1
8249,1
8250,0
8251,3
8252,0
8253,3
8254,1
8255,3
8256,1
8257,4
8258,5
8259,1
8260,0
8261,0
8262,0
8263,0
8264,0
8265,0
8266,5
8267,6
8268,0
8269,1
8270,4
8271,0
8272,0
8273,0
8274,0
8275,0
8276,6
8277,4
8278,0
8279,1
8280,0
8281,0
8282,6
8283,0
8284,6
8285,0
8286,0
8287,1
8288,1
8289,6
8290,4
8291,0
8292,0
8293,3
8294,0
8295,0
8296,3
8297,5
8298,0
8299,0
8300,0
8301,0
8302,6
8303,4
8304,0
8305,0
8306,0
8307,6
8308,4
8309,5
8310,0
8311,1
8312,0
8313,0
8314,0
8315,4
8316,0
8317,2
8318,0
8319,5
8320,0
8321,4
8322,0
8323,4
8324,0
8325,0
8326,0
8327,0
8328,1
8329,0
8330,0
8331,0
8332,0
8333,5
8334,0
8335,5
8336,1
8337,1
8338,6
8339,4
8340,0
8341,0
8342,5
8343,0
8344,0
8345,0
8346,0
8347,0
8348,0
8349,6
8350,0
8351,0
8352,2
8353,6
8354,0
8355,0
8356,5
8357,6
8358,0
8359,0
8360,0
8361,0
8362,5
8363,5
8364,1
8365,0
8366,6
8367,0
8368,0
8369,6
8370,2
8371,0
8372,0
8373,0
8374,1
8375,3
8376,1
8377,1
8378,6
8379,1
8380,6
8381,6
8382,0
8383,0
8384,0
8385,1
8386,0
8387,0
8388,0
8389,1
8390,5
8391,0
8392,1
8393,0
8394,0
8395,5
8396,3
8397,0
8398,0
8399,6
8400,5
8401,0
8402,0
8403,0
8404,1
8405,0
8406,0
8407,4
8408,5
8409,0
8410,3
8411,6
8412,6
8413,3
8414,0
8415,1
8416,1
8417,1
8418,6
8419,1
8420,5
8421,6
8422,0
8423,2
8424,6
8425,0
8426,0
8427,0
8428,0
8429,4
8430,6
8431,6
8432,0
8433,0
8434,0
8435,0
8436,5
8437,0
8438,0
8439,0
8440,0
8441,1
8442,0
8443,0
8444,1
8445,0
8446,6
8447,0
8448,0
8449,5
8450,1
8451,5
8452,0
8453,3
8454,0
8455,1
8456,0
8457,1
8458,0
8459,0
8460,6
8461,1
8462,3
8463,6
8464,1
8465,3
8466,1
8467,6
8468,0
8469,4
8470,1
8471,0
8472,6
8473,6
8474,0
8475,0
8476,1
8477,0
8478,0
8479,0
8480,1
8481,4
8482,0
8483,0
8484,1
8485,0
8486,0
8487,0
8488,0
8489,0
8490,4
8491,6
8492,0
8493,0
8494,6
8495,0
8496,3
8497,0
8498,0
8499,6
8500,0
8501,0
8502,3
8503,2
8504,1
8505,0
8506,2
8507,0
8508,6
8509,6
8510,0
8511,0
8512,1
8513,5
8514,0
8515,6
8516,0
8517,0
8518,6
8519,0
8520,0
8521,1
8522,3
8523,0
8524,5
8525,0
8526,6
8527,0
8528,0
8529,1
8530,0
8531,0
8532,0
8533,6
8534,0
8535,5
8536,0
8537,0
8538,6
8539,0
8540,4
8541,0
8542,4
8543,0
8544,0
8545,0
8546,6
8547,0
8548,2
8549,0
8550,0
8551,0
8552,0
8553,0
8554,0
8555,0
8556,0
8557,0
8558,0
8559,6
8560,0
8561,6
8562,1
8563,5
8564,0
8565,6
8566,1
8567,6
8568,0
8569,0
8570,0
8571,0
8572,3
8573,6
8574,5
8575,0
8576,0
8577,0
8578,0
8579,0
8580,0
8581,0
8582,5
8583,1
8584,0
8585,0
8586,0
8587,0
8588,1
8589,6
8590,1
8591,0
8592,4
8593,0
8594,6
8595,0
8596,6
8597,0
8598,0
8599,4
8600,0
8601,0
8602,0
8603,0
8604,5
8605,6
8606,0
8607,0
8608,4
8609,0
8610,0
8611,1
8612,0
8613,0
8614,0
8615,1
8616,1
8617,0
8618,0
8619,5
8620,0
8621,1
8622,2
8623,0
8624,0
8625,6
8626,6
8627,0
8628,5
8629,6
8630,0
8631,1
8632,0
8633,0
8634,1
8635,0
8636,0
8637,3
8638,1
8639,2
8640,1
8641,4
8642,0
8643,0
8644,0
8645,6
8646,0
8647,5
8648,4
8649,0
8650,0
8651,5
8652,1
8653,0
8654,0
8655,5
8656,4
8657,0
8658,1
8659,1
8660,1
8661,1
8662,0
8663,0
8664,0
8665,2
8666,0
8667,0
8668,3
8669,0
8670,0
8671,0
8672,1
8673,0
8674,3
8675,2
8676,1
8677,4
8678,5
8679,1
8680,6
8681,1
8682,2
8683,6
8684,6
8685,0
8686,3
8687,1
8688,6
8689,0
8690,0
8691,0
8692,0
8693,6
8694,3
8695,3
8696,0
8697,0
8698,0
8699,0
8700,6
8701,0
8702,6
8703,1
8704,4
8705,3
8706,0
8707,0
8708,0
8709,0
8710,6
8711,1
8712,0
8713,4
8714,0
8715,5
8716,0
8717,0
8718,0
8719,2
8720,4
8721,0
8722,0
8723,1
8724,0
8725,0
8726,1
8727,0
8728,5
8729,5
8730,0
8731,0
8732,0
8733,0
8734,1
8735,0
8736,6
8737,0
8738,4
8739,0
8740,0
8741,0
8742,0
8743,2
8744,0
8745,1
8746,6
8747,5
8748,5
8749,5
8750,0
8751,0
8752,6
8753,0
8754,0
8755,0
8756,1
8757,4
8758,1
8759,6
8760,0
8761,6
8762,0
8763,4
8764,4
8765,5
8766,2
8767,0
8768,4
8769,0
8770,4
8771,0
8772,1
8773,0
8774,0
8775,0
8776,0
8777,1
8778,1
8779,0
8780,0
8781,0
8782,0
8783,0
8784,1
8785,0
8786,6
8787,5
8788,3
8789,2
8790,0
8791,5
8792,0
8793,0
8794,0
8795,0
8796,0
8797,2
8798,0
8799,0
8800,1
8801,1
8802,0
8803,1
8804,0
8805,0
8806,4
8807,0
8808,0
8809,0
8810,4
8811,0
8812,0
8813,0
8814,3
8815,1
8816,0
8817,3
8818,0
8819,5
8820,0
8821,1
8822,6
8823,0
8824,0
8825,0
8826,0
8827,0
8828,0
8829,0
8830,2
8831,6
8832,0
8833,5
8834,0
8835,0
8836,0
8837,0
8838,0
8839,0
8840,1
8841,6
8842,0
8843,1
8844,0
8845,4
8846,0
8847,3
8848,0
8849,1
8850,0
8851,6
8852,2
8853,3
8854,0
8855,1
8856,4
8857,0
8858,4
8859,0
8860,0
8861,0
8862,0
8863,0
8864,5
8865,0
8866,3
8867,4
8868,5
8869,0
8870,0
8871,6
8872,0
8873,2
8874,1
8875,0
8876,0
8877,0
8878,5
8879,0
8880,4
8881,1
8882,0
8883,0
8884,3
8885,0
8886,0
8887,6
8888,0
8889,6
8890,6
8891,0
8892,6
8893,0
8894,0
8895,0
8896,0
8897,0
8898,1
8899,0
8900,0
8901,0
8902,0
8903,0
8904,1
8905,0
8906,0
8907,6
8908,0
8909,1
8910,1
8911,3
8912,0
8913,0
8914,0
8915,6
8916,0
8917,0
8918,3
8919,6
8920,0
8921,0
8922,0
8923,4
8924,6
8925,0
8926,3
8927,6
8928,0
8929,1
8930,1
8931,5
8932,2
8933,5
8934,5
8935,0
8936,5
8937,0
8938,3
8939,0
8940,0
8941,0
8942,6
8943,0
8944,0
8945,0
8946,2
8947,4
8948,0
8949,0
8950,0
8951,2
8952,4
8953,0
8954,6
8955,0
8956,0
8957,0
8958,1
8959,0
8960,5
8961,3
8962,0
8963,0
8964,0
8965,1
8966,0
8967,0
8968,1
8969,0
8970,0
8971,1
8972,3
8973,0
8974,4
8975,6
8976,5
8977,0
8978,5
8979,6
8980,0
8981,0
8982,0
8983,6
8984,5
8985,0
8986,1
8987,0
8988,1
8989,6
8990,0
8991,3
8992,3
8993,5
8994,2
8995,0
8996,6
8997,1
8998,0
8999,0
9000,1
9001,1
9002,5
9003,6
9004,0
9005,0
9006,3
9007,0
9008,1
9009,1
9010,0
9011,1
9012,5
9013,0
9014,0
9015,0
9016,0
9017,0
9018,0
9019,0
9020,0
9021,0
9022,0
9023,1
9024,2
9025,0
9026,0
9027,4
9028,0
9029,0
9030,0
9031,1
9032,1
9033,6
9034,0
9035,1
9036,0
9037,0
9038,2
9039,2
9040,0
9041,2
9042,0
9043,0
9044,4
9045,4
9046,1
9047,5
9048,0
9049,1
9050,5
9051,6
9052,4
9053,2
9054,6
9055,0
9056,6
9057,3
9058,0
9059,1
9060,1
9061,0
9062,5
9063,5
9064,2
9065,0
9066,0
9067,0
9068,0
9069,5
9070,0
9071,0
9072,4
9073,4
9074,0
9075,2
9076,6
9077,4
9078,0
9079,3
9080,3
9081,5
9082,3
9083,0
9084,6
9085,1
9086,0
9087,6
9088,6
9089,0
9090,1
9091,0
9092,3
9093,6
9094,0
9095,0
9096,4
9097,0
9098,0
9099,0
9100,0
9101,0
9102,5
9103,6
9104,0
9105,0
9106,0
9107,3
9108,3
9109,6
9110,2
9111,0
9112,5
9113,6
9114,0
9115,3
9116,0
9117,0
9118,3
9119,2
9120,4
9121,0
9122,4
9123,0
9124,1
9125,1
9126,0
9127,6
9128,0
9129,0
9130,0
9131,0
9132,0
9133,0
9134,6
9135,4
9136,6
9137,0
9138,3
9139,1
9140,0
9141,0
9142,4
9143,0
9144,0
9145,4
9146,1
9147,4
9148,1
9149,6
9150,0
9151,0
9152,5
9153,0
9154,0
9155,0
9156,0
9157,0
9158,5
9159,5
9160,0
9161,0
9162,5
9163,0
9164,1
9165,5
9166,0
9167,3
9168,0
9169,5
9170,0
9171,0
9172,6
9173,6
9174,1
9175,0
9176,1
9177,5
9178,0
9179,5
9180,0
9181,0
9182,3
9183,0
9184,0
9185,0
9186,0
9187,3
9188,4
9189,0
9190,1
9191,0
9192,0
9193,0
9194,0
9195,0
9196,0
9197,3
9198,0
9199,6
9200,1
9201,1
9202,0
9203,0
9204,0
9205,0
9206,0
9207,0
9208,0
9209,6
9210,0
9211,0
9212,6
9213,0
9214,0
9215,0
9216,6
9217,5
9218,0
9219,0
9220,0
9221,0
9222,0
9223,0
9224,0
9225,0
9226,1
9227,3
9228,0
9229,0
9230,5
9231,0
9232,6
9233,0
9234,4
9235,0
9236,6
9237,2
9238,6
9239,4
9240,0
9241,0
9242,0
9243,5
9244,1
9245,0
9246,0
9247,0
9248,5
9249,0
9250,4
9251,1
9252,3
9253,4
9254,2
9255,0
9256,0
9257,0
9258,4
9259,0
9260,0
9261,3
9262,0
9263,0
9264,3
9265,5
9266,0
9267,4
9268,3
9269,0
9270,0
9271,0
9272,0
9273,0
9274,1
9275,6
9276,6
9277,5
9278,0
9279,0
9280,5
9281,3
9282,0
9283,0
9284,0
9285,0
9286,0
9287,1
9288,5
9289,1
9290,0
9291,0
9292,0
9293,0
9294,6
9295,1
9296,0
9297,4
9298,5
9299,0
9300,0
9301,0
9302,0
9303,0
9304,0
9305,1
9306,0
9307,0
9308,2
9309,1
9310,0
9311,0
9312,6
9313,1
9314,1
9315,1
9316,0
9317,6
9318,1
9319,0
9320,5
9321,0
9322,5
9323,2
9324,6
9325,0
9326,0
9327,0
9328,0
9329,0
9330,0
9331,1
9332,0
9333,6
9334,0
9335,1
9336,6
9337,0
9338,0
9339,0
9340,0
9341,6
9342,5
9343,5
9344,0
9345,1
9346,0
9347,4
9348,0
9349,3
9350,6
9351,0
9352,0
9353,0
9354,0
9355,2
9356,2
9357,0
9358,0
9359,1
9360,0
9361,0
9362,5
9363,3
9364,0
9365,0
9366,0
9367,0
9368,3
9369,0
9370,0
9371,0
9372,1
9373,1
9374,0
9375,0
9376,6
9377,0
9378,0
9379,0
9380,0
9381,0
9382,0
9383,5
9384,5
9385,0
9386,1
9387,0
9388,1
9389,5
9390,1
9391,4
9392,0
9393,0
9394,0
9395,1
9396,0
9397,0
9398,1
9399,0
9400,0
9401,5
9402,0
9403,5
9404,0
9405,1
9406,0
9407,3
9408,3
9409,1
9410,0
9411,0
9412,6
9413,1
9414,0
9415,1
9416,4
9417,3
9418,5
9419,0
9420,5
9421,0
9422,0
9423,0
9424,0
9425,0
9426,6
9427,1
9428,0
9429,5
9430,1
9431,0
9432,0
9433,1
9434,1
9435,0
9436,0
9437,0
9438,0
9439,5
9440,0
9441,0
9442,0
9443,0
9444,5
9445,0
9446,3
9447,6
9448,3
9449,6
9450,6
9451,1
9452,1
9453,6
9454,0
9455,0
9456,0
9457,0
9458,4
9459,0
9460,5
9461,4
9462,3
9463,0
9464,1
9465,5
9466,0
9467,0
9468,1
9469,5
9470,6
9471,5
9472,1
9473,0
9474,1
9475,0
9476,5
9477,0
9478,0
9479,4
9480,3
9481,0
9482,0
9483,0
9484,6
9485,0
9486,4
9487,0
9488,5
9489,0
9490,1
9491,6
9492,4
9493,0
9494,0
9495,0
9496,2
9497,0
9498,5
9499,1
9500,0
9501,0
9502,0
9503,0
9504,0
9505,0
9506,0
9507,6
9508,0
9509,0
9510,5
9511,1
9512,3
9513,6
9514,0
9515,0
9516,0
9517,0
9518,0
9519,0
9520,0
9521,4
9522,0
9523,5
9524,3
9525,5
9526,5
9527,0
9528,0
9529,6
9530,5
9531,0
9532,6
9533,0
9534,1
9535,3
9536,0
9537,0
9538,5
9539,5
9540,5
9541,0
9542,0
9543,5
9544,3
9545,5
9546,0
9547,0
9548,2
9549,0
9550,0
9551,6
9552,6
9553,0
9554,0
9555,3
9556,4
9557,3
9558,5
9559,6
9560,4
9561,4
9562,0
9563,0
9564,0
9565,0
9566,0
9567,0
9568,0
9569,0
9570,0
9571,0
9572,0
9573,0
9574,0
9575,0
9576,1
9577,2
9578,2
9579,1
9580,0
9581,5
9582,5
9583,4
9584,0
9585,6
9586,0
9587,0
9588,0
9589,3
9590,0
9591,0
9592,0
9593,5
9594,0
9595,0
9596,0
9597,1
9598,0
9599,1
9600,6
9601,0
9602,0
9603,0
9604,1
9605,0
9606,3
9607,6
9608,0
9609,4
9610,0
9611,0
9612,0
9613,5
9614,0
9615,2
9616,4
9617,4
9618,0
9619,0
9620,0
9621,0
9622,0
9623,4
9624,0
9625,0
9626,0
9627,3
9628,6
9629,1
9630,0
9631,0
9632,0
9633,1
9634,1
9635,2
9636,6
9637,5
9638,0
9639,0
9640,5
9641,5
9642,6
9643,0
9644,0
9645,6
9646,0
9647,0
9648,1
9649,1
9650,5
9651,1
9652,0
9653,0
9654,0
9655,3
9656,4
9657,0
9658,0
9659,3
9660,1
9661,0
9662,0
9663,0
9664,2
9665,6
9666,0
9667,0
9668,4
9669,0
9670,3
9671,1
9672,0
9673,0
9674,0
9675,1
9676,5
9677,0
9678,0
9679,6
9680,3
9681,0
9682,4
9683,1
9684,3
9685,5
9686,0
9687,0
9688,3
9689,0
9690,1
9691,0
9692,0
9693,0
9694,6
9695,0
9696,3
9697,0
9698,1
9699,2
9700,0
9701,0
9702,0
9703,0
9704,0
9705,0
9706,6
9707,0
9708,4
9709,4
9710,0
9711,0
9712,0
9713,5
9714,0
9715,0
9716,1
9717,0
9718,1
9719,1
9720,0
9721,4
9722,3
9723,1
9724,0
9725,0
9726,1
9727,0
9728,0
9729,0
9730,1
9731,0
9732,6
9733,0
9734,0
9735,1
9736,2
9737,4
9738,0
9739,0
9740,6
9741,6
9742,0
9743,0
9744,2
9745,5
9746,3
9747,0
9748,6
9749,0
9750,0
9751,0
9752,0
9753,1
9754,3
9755,0
9756,1
9757,0
9758,0
9759,4
9760,0
9761,0
9762,1
9763,4
9764,1
9765,0
9766,0
9767,1
9768,2
9769,4
9770,0
9771,6
9772,0
9773,5
9774,6
9775,3
9776,1
9777,1
9778,1
9779,5
9780,3
9781,1
9782,6
9783,3
9784,0
9785,5
9786,0
9787,4
9788,6
9789,3
9790,1
9791,1
9792,0
9793,0
9794,0
9795,3
9796,0
9797,5
9798,0
9799,0
9800,3
9801,0
9802,5
9803,0
9804,0
9805,3
9806,4
9807,0
9808,0
9809,1
9810,1
9811,3
9812,6
9813,0
9814,5
9815,0
9816,4
9817,5
9818,0
9819,0
9820,0
9821,0
9822,0
9823,0
9824,5
9825,0
9826,5
9827,6
9828,0
9829,0
9830,1
9831,5
9832,1
9833,0
9834,0
9835,0
9836,4
9837,1
9838,1
9839,6
9840,0
9841,0
9842,5
9843,4
9844,5
9845,1
9846,6
9847,5
9848,5
9849,4
9850,0
9851,0
9852,1
9853,0
9854,5
9855,2
9856,1
9857,5
9858,0
9859,1
9860,0
9861,0
9862,5
9863,0
9864,0
9865,0
9866,6
9867,0
9868,1
9869,4
9870,6
9871,5
9872,4
9873,0
9874,4
9875,5
9876,0
9877,0
9878,6
9879,0
9880,0
9881,5
9882,0
9883,6
9884,4
9885,0
9886,0
9887,6
9888,6
9889,6
9890,6
9891,3
9892,0
9893,0
9894,0
9895,6
9896,6
9897,1
9898,4
9899,1
9900,0
9901,1
9902,3
9903,5
9904,0
9905,0
9906,1
9907,0
9908,0
9909,0
9910,0
9911,1
9912,0
9913,1
9914,2
9915,0
9916,6
9917,6
9918,1
9919,5
9920,5
9921,2
9922,1
9923,0
9924,5
9925,5
9926,6
9927,0
9928,0
9929,0
9930,0
9931,0
9932,0
9933,0
9934,0
9935,5
9936,0
9937,5
9938,0
9939,0
9940,0
9941,0
9942,5
9943,1
9944,4
9945,0
9946,6
9947,4
9948,0
9949,0
9950,0
9951,0
9952,6
9953,5
9954,1
9955,0
9956,0
9957,0
9958,5
9959,3
9960,1
9961,0
9962,0
9963,0
9964,4
9965,1
9966,1
9967,1
9968,3
9969,0
9970,5
9971,2
9972,6
9973,0
9974,4
9975,0
9976,2
9977,0
9978,0
9979,0
9980,0
9981,5
9982,1
9983,0
9984,6
9985,0
9986,5
9987,6
9988,4
9989,0
9990,0
9991,0
9992,3
9993,0
9994,0
9995,0
9996,0
9997,0
9998,0
9999,0
10000,0
10001,5
10002,0
10003,0
10004,6
10005,3
10006,0
10007,3
10008,6
10009,0
10010,0
10011,1
10012,0
10013,0
10014,0
10015,1
10016,1
10017,0
10018,4
10019,1
10020,0
10021,6
10022,4
10023,1
10024,0
10025,0
10026,0
10027,3
10028,1
10029,0
10030,5
10031,6
10032,0
10033,3
10034,0
10035,1
10036,1
10037,0
10038,1
10039,5
10040,1
10041,1
10042,2
10043,1
10044,0
10045,3
10046,0
10047,0
10048,1
10049,0
10050,0
10051,0
10052,0
10053,4
10054,0
10055,0
10056,5
10057,0
10058,6
10059,4
10060,6
10061,3
10062,0
10063,5
10064,0
10065,0
10066,0
10067,0
10068,5
10069,6
10070,0
10071,0
10072,6
10073,0
10074,0
10075,0
10076,0
10077,4
10078,0
10079,0
10080,0
10081,5
10082,6
10083,0
10084,0
10085,0
10086,0
10087,0
10088,0
10089,0
10090,0
10091,0
10092,0
10093,0
10094,4
10095,0
10096,0
10097,6
10098,0
10099,0
10100,0
10101,5
10102,1
10103,0
10104,3
10105,6
10106,0
10107,6
10108,1
10109,4
10110,5
10111,0
10112,6
10113,0
10114,0
10115,4
10116,0
10117,0
10118,0
10119,0
10120,0
10121,0
10122,6
10123,0
10124,6
10125,4
10126,0
10127,1
10128,1
10129,4
10130,6
10131,0
10132,0
10133,0
10134,1
10135,0
10136,0
10137,5
10138,0
10139,3
10140,0
10141,0
10142,0
10143,1
10144,1
10145,0
10146,0
10147,4
10148,0
10149,2
10150,3
10151,0
10152,0
10153,0
10154,0
10155,0
10156,0
10157,1
10158,0
10159,4
10160,3
10161,0
10162,1
10163,0
10164,0
10165,1
10166,0
10167,0
10168,0
10169,0
10170,0
10171,0
10172,0
10173,0
10174,0
10175,0
10176,5
10177,6
10178,0
10179,0
10180,0
10181,0
10182,0
10183,1
10184,3
10185,0
10186,0
10187,0
10188,5
10189,0
10190,0
10191,0
10192,0
10193,1
10194,4
10195,3
10196,1
10197,1
10198,5
10199,1
10200,0
10201,6
10202,6
10203,0
10204,0
10205,1
10206,2
10207,4
10208,0
10209,0
10210,3
10211,0
10212,0
10213,1
10214,0
10215,3
10216,0
10217,4
10218,1
10219,1
10220,4
10221,1
10222,0
10223,3
10224,5
10225,0
10226,0
10227,1
10228,4
10229,0
10230,1
10231,0
10232,0
10233,4
10234,3
10235,5
10236,6
10237,0
10238,0
10239,5
10240,5
10241,0
10242,5
10243,5
10244,1
10245,3
10246,0
10247,3
10248,0
10249,0
10250,0
10251,1
10252,0
10253,0
10254,4
10255,0
10256,0
10257,0
10258,0
10259,0
10260,2
10261,3
10262,5
10263,0
10264,2
10265,0
10266,0
10267,0
10268,0
10269,0
10270,0
10271,0
10272,3
10273,0
10274,0
10275,0
10276,0
10277,0
10278,1
10279,0
10280,5
10281,3
10282,5
10283,0
10284,0
10285,0
10286,1
10287,0
10288,0
10289,0
10290,6
10291,6
10292,4
10293,1
10294,0
10295,6
10296,5
10297,1
10298,0
10299,0
10300,6
10301,0
10302,0
10303,0
10304,0
10305,1
10306,0
10307,4
10308,2
10309,0
10310,4
10311,0
10312,0
10313,0
10314,5
10315,0
10316,5
10317,0
10318,6
10319,0
10320,5
10321,2
10322,1
10323,0
10324,0
10325,0
10326,5
10327,0
10328,6
10329,2
10330,0
10331,5
10332,0
10333,4
10334,1
10335,0
10336,0
10337,0
10338,1
10339,6
10340,0
10341,0
10342,1
10343,0
10344,0
10345,5
10346,0
10347,0
10348,6
10349,0
10350,4
10351,1
10352,5
10353,1
10354,0
10355,1
10356,0
10357,4
10358,6
10359,0
10360,5
10361,0
10362,0
10363,0
10364,1
10365,0
10366,0
10367,3
10368,1
10369,1
10370,0
10371,1
10372,1
10373,0
10374,1
10375,0
10376,5
10377,0
10378,0
10379,0
10380,0
10381,6
10382,0
10383,0
10384,0
10385,0
10386,0
10387,1
10388,1
10389,2
10390,0
10391,0
10392,4
10393,0
10394,6
10395,1
10396,0
10397,3
10398,3
10399,1
10400,0
10401,0
10402,0
10403,0
10404,0
10405,0
10406,1
10407,0
10408,1
10409,0
10410,3
10411,1
10412,0
10413,1
10414,0
10415,0
10416,3
10417,0
10418,4
10419,0
10420,2
10421,0
10422,0
10423,5
10424,0
10425,6
10426,0
10427,0
10428,0
10429,6
10430,0
10431,5
10432,3
10433,0
10434,0
10435,0
10436,5
10437,0
10438,0
10439,4
10440,0
10441,0
10442,0
10443,4
10444,0
10445,0
10446,0
10447,0
10448,6
10449,3
10450,0
10451,5
10452,0
10453,0
10454,0
10455,5
10456,1
10457,3
10458,0
10459,0
10460,0
10461,0
10462,1
10463,0
10464,3
10465,0
10466,0
10467,0
10468,0
10469,6
10470,0
10471,6
10472,6
10473,0
10474,1
10475,5
10476,0
10477,4
10478,3
10479,3
10480,1
10481,0
10482,1
10483,4
10484,0
10485,0
10486,0
10487,1
10488,6
10489,1
10490,0
10491,3
10492,0
10493,0
10494,0
10495,0
10496,5
10497,5
10498,5
10499,0
10500,3
10501,0
10502,0
10503,5
10504,1
10505,4
10506,0
10507,1
10508,0
10509,0
10510,1
10511,0
10512,6
10513,0
10514,0
10515,0
10516,0
10517,0
10518,1
10519,0
10520,0
10521,0
10522,4
10523,3
10524,0
10525,5
10526,0
10527,0
10528,0
10529,0
10530,0
10531,5
10532,5
10533,2
10534,1
10535,0
10536,0
10537,0
10538,0
10539,1
10540,0
10541,0
10542,0
10543,1
10544,0
10545,0
10546,0
10547,0
10548,1
10549,0
10550,5
10551,0
10552,1
10553,5
10554,0
10555,0
10556,5
10557,0
10558,0
10559,0
10560,0
10561,0
10562,0
10563,0
10564,0
10565,0
10566,3
10567,1
10568,0
10569,0
10570,0
10571,4
10572,4
10573,0
10574,2
10575,1
10576,3
10577,0
10578,0
10579,5
10580,0
10581,0
10582,1
10583,0
10584,6
10585,0
10586,0
10587,0
10588,3
10589,1
10590,4
10591,5
10592,5
10593,2
10594,0
10595,5
10596,4
10597,0
10598,5
10599,0
10600,0
10601,4
10602,6
10603,1
10604,2
10605,1
10606,1
10607,3
10608,1
10609,4
10610,6
10611,6
10612,0
10613,6
10614,4
10615,0
10616,4
10617,5
10618,0
10619,5
10620,0
10621,6
10622,4
10623,2
10624,0
10625,0
10626,4
10627,3
10628,3
10629,3
10630,0
10631,0
10632,0
10633,0
10634,0
10635,0
10636,2
10637,0
10638,0
10639,5
10640,0
10641,0
10642,0
10643,0
10644,2
10645,0
10646,6
10647,3
10648,0
10649,0
10650,1
10651,0
10652,3
10653,6
10654,0
10655,0
10656,6
10657,3
10658,0
10659,0
10660,0
10661,0
10662,0
10663,6
10664,2
10665,0
10666,0
10667,0
10668,5
10669,0
10670,0
10671,0
10672,5
10673,0
10674,3
10675,6
10676,1
10677,5
10678,4
10679,0
10680,3
10681,0
10682,0
10683,0
10684,6
10685,0
10686,1
10687,4
10688,0
10689,0
10690,2
10691,0
10692,0
10693,0
10694,1
10695,1
10696,0
10697,0
10698,0
10699,5
10700,5
10701,0
10702,0
10703,1
10704,3
10705,1
10706,0
10707,4
10708,6
10709,0
10710,0
10711,0
10712,1
10713,0
10714,0
10715,3
10716,3
10717,2
10718,0
10719,0
10720,0
10721,0
10722,6
10723,1
10724,0
10725,0
10726,0
10727,0
10728,0
10729,2
10730,2
10731,0
10732,4
10733,0
10734,0
10735,0
10736,3
10737,6
10738,2
10739,4
10740,0
10741,1
10742,1
10743,0
10744,4
10745,0
10746,1
10747,1
10748,6
10749,0
10750,0
10751,0
10752,0
10753,2
10754,1
10755,0
10756,2
10757,0
10758,0
10759,0
10760,0
10761,5
10762,5
10763,0
10764,0
10765,0
10766,0
10767,0
10768,5
10769,0
10770,1
10771,0
10772,4
10773,1
10774,0
10775,0
10776,0
10777,0
10778,4
10779,4
10780,0
10781,4
10782,2
10783,1
10784,0
10785,5
10786,6
10787,0
10788,1
10789,0
10790,0
10791,0
10792,0
10793,0
10794,0
10795,1
10796,0
10797,1
10798,1
10799,1
10800,1
10801,5
10802,0
10803,0
10804,4
10805,4
10806,0
10807,5
10808,5
10809,0
10810,0
10811,3
10812,5
10813,0
10814,4
10815,0
10816,0
10817,5
10818,0
10819,5
10820,0
10821,0
10822,3
10823,6
10824,1
10825,0
10826,0
10827,0
10828,4
10829,0
10830,1
10831,0
10832,0
10833,0
10834,0
10835,0
10836,3
10837,0
10838,0
10839,0
10840,0
10841,0
10842,0
10843,4
10844,5
10845,6
10846,1
10847,0
10848,0
10849,0
10850,0
10851,6
10852,0
10853,6
10854,6
10855,4
10856,0
10857,1
10858,0
10859,3
10860,6
10861,6
10862,1
10863,0
10864,6
10865,0
10866,6
10867,1
10868,3
10869,0
10870,0
10871,0
10872,1
10873,0
10874,0
10875,0
10876,0
10877,0
10878,0
10879,6
10880,0
10881,0
10882,2
10883,0
10884,1
10885,1
10886,6
10887,0
10888,1
10889,0
10890,5
10891,5
10892,0
10893,0
10894,1
10895,0
10896,0
10897,6
10898,3
10899,0
10900,1
10901,0
10902,0
10903,0
10904,0
10905,6
10906,0
10907,0
10908,0
10909,0
10910,1
10911,4
10912,4
10913,0
10914,1
10915,5
10916,0
10917,3
10918,5
10919,0
10920,0
10921,6
10922,0
10923,0
10924,6
10925,0
10926,4
10927,4
10928,6
10929,6
10930,1
10931,0
10932,0
10933,1
10934,0
10935,5
10936,4
10937,0
10938,4
10939,0
10940,0
10941,5
10942,0
10943,6
10944,5
10945,1
10946,0
10947,0
10948,0
10949,4
10950,0
10951,5
10952,6
10953,6
10954,4
10955,0
10956,0
10957,0
10958,0
10959,6
10960,6
10961,0
10962,3
10963,0
10964,1
10965,1
10966,0
10967,0
10968,6
10969,4
10970,0
10971,0
10972,5
10973,0
10974,0
10975,0
10976,3
10977,0
10978,0
10979,0
10980,3
10981,6
10982,0
10983,4
10984,0
10985,0
10986,6
10987,1
10988,0
10989,0
10990,0
10991,0
10992,0
10993,0
10994,3
10995,0
10996,0
10997,0
10998,1
10999,5
11000,1
11001,6
11002,1
11003,5
11004,3
11005,0
11006,0
11007,6
11008,4
11009,0
11010,0
11011,0
11012,0
11013,0
11014,0
11015,0
11016,5
11017,1
11018,5
11019,1
11020,1
11021,0
11022,1
11023,0
11024,3
11025,5
11026,0
11027,1
11028,2
11029,5
11030,3
11031,0
11032,0
11033,0
11034,1
11035,0
11036,1
11037,0
11038,0
11039,0
11040,6
11041,1
11042,2
11043,0
11044,0
11045,0
11046,0
11047,6
11048,0
11049,0
11050,0
11051,1
11052,5
11053,5
11054,0
11055,1
11056,0
11057,6
11058,6
11059,0
11060,6
11061,0
11062,3
11063,0
11064,0
11065,3
11066,6
11067,1
11068,4
11069,0
11070,0
11071,0
11072,0
11073,0
11074,3
11075,0
11076,0
11077,1
11078,1
11079,0
11080,3
11081,0
11082,0
11083,6
11084,4
11085,0
11086,5
11087,0
11088,6
11089,0
11090,4
11091,0
11092,0
11093,6
11094,3
11095,1
11096,0
11097,5
11098,1
11099,0
11100,5
11101,0
11102,0
11103,0
11104,0
11105,3
11106,5
11107,2
11108,0
11109,0
11110,0
11111,2
11112,0
11113,0
11114,6
11115,0
11116,1
11117,0
11118,4
11119,0
11120,0
11121,0
11122,4
11123,0
11124,0
11125,0
11126,0
11127,0
11128,6
11129,3
11130,0
11131,0
11132,0
11133,0
11134,6
11135,2
11136,0
11137,4
11138,0
11139,0
11140,1
11141,6
11142,3
11143,3
11144,5
11145,0
11146,0
11147,0
11148,3
11149,0
11150,1
11151,0
11152,5
11153,3
11154,4
11155,0
11156,6
11157,0
11158,3
11159,4
11160,6
11161,0
11162,6
11163,6
11164,4
11165,5
11166,1
11167,5
11168,2
11169,5
11170,0
11171,0
11172,0
11173,3
11174,1
11175,0
11176,0
11177,0
11178,3
11179,0
11180,0
11181,0
11182,0
11183,6
11184,2
11185,0
11186,6
11187,1
11188,0
11189,4
11190,6
11191,2
11192,0
11193,3
11194,0
11195,5
11196,0
11197,0
11198,1
11199,0
11200,0
11201,3
11202,5
11203,1
11204,0
11205,0
11206,0
11207,4
11208,1
11209,0
11210,0
11211,3
11212,0
11213,2
11214,0
11215,4
11216,4
11217,0
11218,5
11219,0
11220,6
11221,5
11222,1
11223,0
11224,6
11225,0
11226,0
11227,1
11228,1
11229,0
11230,0
11231,4
11232,0
11233,0
11234,1
11235,0
11236,0
11237,1
11238,0
11239,4
11240,3
11241,0
11242,3
11243,0
11244,0
11245,5
11246,0
11247,4
11248,0
11249,6
11250,1
11251,3
11252,0
11253,0
11254,4
11255,0
11256,0
11257,0
11258,3
11259,3
11260,0
11261,3
11262,0
11263,1
11264,2
11265,0
11266,6
11267,0
11268,0
11269,5
11270,0
11271,5
11272,0
11273,1
11274,6
11275,0
11276,0
11277,3
11278,0
11279,3
11280,0
11281,0
11282,2
11283,5
11284,0
11285,1
11286,6
11287,0
11288,0
11289,0
11290,0
11291,0
11292,0
11293,0
11294,0
11295,0
11296,0
11297,6
11298,0
11299,0
11300,0
11301,0
11302,6
11303,0
11304,0
11305,1
11306,4
11307,1
11308,1
11309,1
11310,3
11311,0
11312,0
11313,0
11314,0
11315,0
11316,0
11317,0
11318,1
11319,0
11320,1
11321,1
11322,0
11323,0
11324,6
11325,0
11326,0
11327,0
11328,0
11329,0
11330,0
11331,1
11332,4
11333,6
11334,0
11335,0
11336,3
11337,1
11338,0
11339,6
11340,5
11341,1
11342,0
11343,4
11344,6
11345,0
11346,1
11347,4
11348,1
11349,6
11350,0
11351,1
11352,0
11353,5
11354,0
11355,6
11356,0
11357,0
11358,5
11359,0
11360,0
11361,0
11362,0
11363,1
11364,1
11365,2
11366,0
11367,0
11368,4
11369,6
11370,6
11371,6
11372,5
11373,0
11374,4
11375,0
11376,1
11377,0
11378,6
11379,0
11380,5
11381,0
11382,5
11383,0
11384,0
11385,0
11386,6
11387,3
11388,1
11389,0
11390,0
11391,3
11392,4
11393,1
11394,5
11395,5
11396,0
11397,0
11398,4
11399,5
11400,5
11401,0
11402,0
11403,1
11404,5
11405,0
11406,0
11407,0
11408,3
11409,0
11410,6
11411,1
11412,0
11413,0
11414,6
11415,3
11416,6
11417,6
11418,1
11419,0
11420,0
11421,1
11422,0
11423,0
11424,1
11425,4
11426,6
11427,0
11428,0
11429,1
11430,0
11431,6
11432,0
11433,1
11434,0
11435,0
11436,0
11437,1
11438,0
11439,5
11440,3
11441,4
11442,0
11443,1
11444,1
11445,0
11446,6
11447,0
11448,6
11449,0
11450,1
11451,6
11452,0
11453,6
11454,5
11455,5
11456,5
11457,5
11458,0
11459,1
11460,5
11461,0
11462,0
11463,0
11464,6
11465,6
11466,6
11467,4
11468,6
11469,0
11470,3
11471,0
11472,6
11473,1
11474,3
11475,0
11476,0
11477,4
11478,0
11479,5
11480,6
11481,0
11482,5
11483,0
11484,1
11485,0
11486,0
11487,1
11488,1
11489,0
11490,0
11491,0
11492,0
11493,0
11494,0
11495,0
11496,0
11497,0
11498,0
11499,0
11500,1
11501,0
11502,0
11503,5
11504,6
11505,6
11506,0
11507,1
11508,0
11509,1
11510,5
11511,0
11512,2
11513,1
11514,1
11515,5
11516,0
11517,0
11518,0
11519,0
11520,0
11521,0
11522,0
11523,0
11524,1
11525,4
11526,0
11527,5
11528,0
11529,0
11530,5
11531,1
11532,5
11533,0
11534,5
11535,1
11536,1
11537,5
11538,6
11539,6
11540,5
11541,4
11542,4
11543,4
11544,0
11545,0
11546,3
11547,1
11548,4
11549,0
11550,1
11551,0
11552,1
11553,1
11554,0
11555,2
11556,5
11557,5
11558,0
11559,4
11560,1
11561,5
11562,6
11563,0
11564,0
11565,1
11566,1
11567,0
11568,5
11569,2
11570,0
11571,0
11572,1
11573,0
11574,0
11575,0
11576,0
11577,1
11578,0
11579,0
11580,0
11581,0
11582,2
11583,0
11584,1
11585,0
11586,0
11587,4
11588,0
11589,0
11590,0
11591,0
11592,6
11593,2
11594,5
11595,6
11596,4
11597,0
11598,6
11599,0
11600,0
11601,0
11602,4
11603,1
11604,1
11605,1
11606,1
11607,1
11608,0
11609,1
11610,0
11611,0
11612,0
11613,3
11614,4
11615,1
11616,0
11617,6
11618,0
11619,5
11620,1
11621,5
11622,1
11623,5
11624,6
11625,0
11626,0
11627,0
11628,0
11629,3
11630,4
11631,5
11632,0
11633,0
11634,2
11635,0
11636,5
11637,5
11638,0
11639,5
11640,0
11641,0
11642,1
11643,6
11644,0
11645,0
11646,0
11647,0
11648,0
11649,2
11650,0
11651,0
11652,0
11653,1
11654,1
11655,0
11656,0
11657,0
11658,1
11659,0
11660,0
11661,0
11662,0
11663,6
11664,0
11665,0
11666,1
11667,6
11668,1
11669,0
11670,0
11671,0
11672,1
11673,6
11674,6
11675,4
11676,2
11677,0
11678,0
11679,4
11680,1
11681,0
11682,0
11683,0
11684,0
11685,3
11686,6
11687,5
11688,0
11689,5
11690,0
11691,4
11692,6
11693,0
11694,4
11695,0
11696,0
11697,0
11698,3
11699,0
11700,0
11701,0
11702,0
11703,0
11704,4
11705,4
11706,0
11707,1
11708,1
11709,0
11710,0
11711,3
11712,0
11713,4
11714,3
11715,6
11716,6
11717,5
11718,0
11719,6
11720,0
11721,0
11722,3
11723,0
11724,4
11725,5
11726,4
11727,3
11728,2
11729,1
11730,0
11731,6
11732,0
11733,1
11734,0
11735,0
11736,2
11737,0
11738,3
11739,0
11740,6
11741,1
11742,0
11743,0
11744,0
11745,0
11746,0
11747,1
11748,0
11749,6
11750,6
11751,0
11752,0
11753,1
11754,0
11755,0
11756,0
11757,0
11758,6
11759,5
11760,6
11761,5
11762,0
11763,2
11764,1
11765,0
11766,5
11767,0
11768,0
11769,5
11770,0
11771,3
11772,4
11773,0
11774,0
11775,4
11776,1
11777,0
11778,0
11779,0
11780,0
11781,3
11782,6
11783,4
11784,0
11785,0
11786,4
11787,0
11788,1
11789,0
11790,0
11791,1
11792,0
11793,0
11794,2
11795,4
11796,0
11797,1
11798,0
11799,6
11800,3
11801,3
11802,4
11803,0
11804,0
11805,0
11806,0
11807,6
11808,1
11809,3
11810,1
11811,0
11812,1
11813,5
11814,0
11815,3
11816,4
11817,5
11818,6
11819,4
11820,1
11821,6
11822,1
11823,0
11824,4
11825,0
11826,0
11827,0
11828,0
11829,4
11830,0
11831,0
11832,0
11833,0
11834,6
11835,5
11836,6
11837,5
11838,5
11839,0
11840,0
11841,0
11842,1
11843,5
11844,6
11845,3
11846,0
11847,1
11848,0
11849,4
11850,0
11851,1
11852,0
11853,0
11854,1
11855,0
11856,5
11857,5
11858,2
11859,1
11860,6
11861,0
11862,5
11863,0
11864,1
11865,0
11866,0
11867,5
11868,0
11869,0
11870,0
11871,5
11872,0
11873,0
11874,0
11875,6
11876,0
11877,5
11878,1
11879,0
11880,0
11881,0
11882,5
11883,6
11884,6
11885,0
11886,0
11887,0
11888,0
11889,3
11890,0
11891,0
11892,0
11893,5
11894,1
11895,0
11896,1
11897,0
11898,0
11899,5
11900,4
11901,0
11902,2
11903,4
11904,1
11905,4
11906,0
11907,0
11908,5
11909,0
11910,1
11911,6
11912,0
11913,0
11914,6
11915,0
11916,0
11917,0
11918,5
11919,1
11920,0
11921,0
11922,3
11923,0
11924,0
11925,5
11926,1
11927,0
11928,1
11929,1
11930,0
11931,6
11932,6
11933,1
11934,0
11935,1
11936,1
11937,0
11938,0
11939,4
11940,0
11941,2
11942,3
11943,0
11944,0
11945,1
11946,3
11947,0
11948,0
11949,5
11950,4
11951,3
11952,0
11953,1
11954,0
11955,3
11956,0
11957,0
11958,0
11959,0
11960,0
11961,6
11962,1
11963,0
11964,0
11965,0
11966,0
11967,3
11968,5
11969,0
11970,4
11971,1
11972,0
11973,1
11974,4
11975,0
11976,4
11977,0
11978,0
11979,0
11980,0
11981,0
11982,0
11983,0
11984,3
11985,6
11986,0
11987,1
11988,0
11989,0
11990,5
11991,0
11992,0
11993,0
11994,0
11995,0
11996,0
11997,0
11998,6
11999,0
12000,5
12001,6
12002,2
12003,0
12004,0
12005,0
12006,0
12007,1
12008,1
12009,5
12010,0
12011,1
12012,0
12013,0
12014,1
12015,0
12016,5
12017,0
12018,0
12019,0
12020,0
12021,3
12022,0
12023,5
12024,6
12025,5
12026,1
12027,5
12028,0
12029,0
12030,0
12031,1
12032,0
12033,0
12034,5
12035,0
12036,5
12037,6
12038,6
12039,0
12040,0
12041,2
12042,0
12043,0
12044,3
12045,0
12046,0
12047,5
12048,6
12049,0
12050,5
12051,0
12052,0
12053,0
12054,0
12055,0
12056,0
12057,0
12058,0
12059,0
12060,0
12061,6
12062,4
12063,1
12064,1
12065,6
12066,2
12067,0
12068,6
12069,0
12070,0
12071,1
12072,0
12073,3
12074,4
12075,6
12076,0
12077,0
12078,6
12079,1
12080,0
12081,3
12082,6
12083,2
12084,1
12085,0
12086,5
12087,0
12088,1
12089,0
12090,0
12091,3
12092,0
12093,0
12094,3
12095,1
12096,1
12097,0
12098,6
12099,0
12100,0
12101,0
12102,2
12103,6
12104,0
12105,0
12106,3
12107,2
12108,0
12109,3
12110,3
12111,0
12112,0
12113,5
12114,0
12115,3
12116,5
12117,0
12118,0
12119,0
12120,5
12121,2
12122,0
12123,0
12124,1
12125,0
12126,0
12127,1
12128,2
12129,4
12130,0
12131,6
12132,0
12133,5
12134,5
12135,0
12136,0
12137,5
12138,0
12139,1
12140,3
12141,4
12142,0
12143,5
12144,1
12145,1
12146,1
12147,0
12148,0
12149,1
12150,4
12151,6
12152,0
12153,0
12154,5
12155,0
12156,0
12157,0
12158,0
12159,0
12160,0
12161,6
12162,4
12163,5
12164,3
12165,5
12166,0
12167,0
12168,1
12169,0
12170,0
12171,0
12172,0
12173,0
12174,0
12175,0
12176,0
12177,1
12178,0
12179,0
12180,4
12181,0
12182,0
12183,0
12184,0
12185,0
12186,0
12187,6
12188,1
12189,0
12190,0
12191,1
12192,5
12193,0
12194,0
12195,1
12196,0
12197,0
12198,0
12199,1
12200,0
12201,5
12202,6
12203,0
12204,0
12205,0
12206,0
12207,0
12208,0
12209,6
12210,3
12211,0
12212,0
12213,4
12214,5
12215,0
12216,0
12217,6
12218,0
12219,0
12220,0
12221,1
12222,0
12223,0
12224,1
12225,0
12226,0
12227,5
12228,5
12229,0
12230,0
12231,0
12232,3
12233,1
12234,0
12235,0
12236,0
12237,1
12238,0
12239,0
12240,6
12241,6
12242,0
12243,2
12244,3
12245,1
12246,0
12247,0
12248,0
12249,0
12250,5
12251,1
12252,0
12253,0
12254,1
12255,1
12256,0
12257,0
12258,0
12259,0
12260,5
12261,0
12262,4
12263,0
12264,0
12265,5
12266,0
12267,4
12268,1
12269,1
12270,3
12271,2
12272,1
12273,6
12274,0
12275,1
12276,0
12277,3
12278,1
12279,0
12280,1
12281,5
12282,6
12283,0
12284,0
12285,3
12286,5
12287,4
12288,0
12289,0
12290,0
12291,6
12292,0
12293,0
12294,1
12295,5
12296,3
12297,0
12298,5
12299,0
12300,1
12301,0
12302,0
12303,1
12304,0
12305,3
12306,5
12307,6
12308,1
12309,0
12310,1
12311,1
12312,1
12313,1
12314,4
12315,0
12316,0
12317,0
12318,0
12319,3
12320,0
12321,0
12322,0
12323,0
12324,0
12325,0
12326,4
12327,6
12328,0
12329,1
12330,4
12331,0
12332,0
12333,6
12334,0
12335,0
12336,4
12337,0
12338,0
12339,0
12340,1
12341,6
12342,0
12343,0
12344,1
12345,0
12346,1
12347,1
12348,1
12349,5
12350,0
12351,2
12352,4
12353,0
12354,0
12355,1
12356,0
12357,0
12358,0
12359,0
12360,0
12361,3
12362,1
12363,0
12364,0
12365,0
12366,5
12367,0
12368,3
12369,0
12370,0
12371,0
12372,0
12373,0
12374,4
12375,0
12376,1
12377,4
12378,0
12379,0
12380,0
12381,1
12382,4
12383,0
12384,5
12385,0
12386,6
12387,0
12388,3
12389,0
12390,0
12391,1
12392,1
12393,4
12394,0
12395,5
12396,3
12397,1
12398,1
12399,0
12400,0
12401,5
12402,0
12403,5
12404,0
12405,1
12406,1
12407,5
12408,0
12409,0
12410,6
12411,0
12412,3
12413,4
12414,0
12415,6
12416,0
12417,1
12418,0
12419,0
12420,0
12421,0
12422,6
12423,0
12424,6
12425,6
12426,0
12427,1
12428,0
12429,0
12430,0
12431,0
12432,0
12433,3
12434,5
12435,0
12436,0
12437,0
12438,3
12439,0
12440,0
12441,6
12442,4
12443,5
12444,2
12445,0
12446,0
12447,0
12448,0
12449,0
12450,0
12451,1
12452,0
12453,0
12454,6
12455,4
12456,4
12457,1
12458,0
12459,6
12460,0
12461,0
12462,0
12463,1
12464,0
12465,0
12466,1
12467,4
12468,0
12469,6
12470,4
12471,1
12472,0
12473,1
12474,1
12475,3
12476,6
12477,0
12478,6
12479,0
12480,0
12481,3
12482,3
12483,0
12484,0
12485,0
12486,2
12487,0
12488,5
12489,0
12490,0
12491,0
12492,0
12493,5
12494,0
12495,0
12496,0
12497,1
12498,6
12499,0
12500,0
12501,3
12502,0
12503,0
12504,4
12505,0
12506,1
12507,4
12508,0
12509,0
12510,0
12511,0
12512,3
12513,0
12514,0
12515,0
12516,0
12517,1
12518,0
12519,6
12520,1
12521,6
12522,0
12523,0
12524,6
12525,0
12526,0
12527,0
12528,0
12529,2
12530,0
12531,5
12532,1
12533,0
12534,0
12535,0
12536,2
12537,0
12538,5
12539,0
12540,0
12541,0
12542,0
12543,4
12544,0
12545,1
12546,1
12547,0
12548,2
12549,0
12550,1
12551,0
12552,0
12553,0
12554,1
12555,3
12556,5
12557,0
12558,6
12559,2
12560,0
12561,0
12562,0
12563,0
12564,0
12565,0
12566,6
12567,1
12568,1
12569,0
12570,0
12571,0
12572,6
12573,4
12574,0
12575,0
12576,0
12577,1
12578,5
12579,2
12580,0
12581,6
12582,3
12583,6
12584,0
12585,0
12586,0
12587,0
12588,5
12589,1
12590,1
12591,1
12592,0
12593,1
12594,0
12595,0
12596,0
12597,0
12598,2
12599,0
12600,5
12601,1
12602,1
12603,1
12604,0
12605,6
12606,0
12607,6
12608,0
12609,0
12610,0
12611,5
12612,1
12613,0
12614,5
12615,0
12616,0
12617,6
12618,1
12619,0
12620,3
12621,4
12622,4
12623,6
12624,0
12625,1
12626,0
12627,0
12628,0
12629,0
12630,1
12631,0
12632,0
12633,0
12634,6
12635,5
12636,6
12637,1
12638,5
12639,0
12640,0
12641,0
12642,4
12643,0
12644,0
12645,6
12646,0
12647,0
12648,0
12649,0
12650,6
12651,0
12652,0
12653,0
12654,0
12655,0
12656,0
12657,0
12658,0
12659,2
12660,5
12661,0
12662,0
12663,6
12664,5
12665,0
12666,1
12667,0
12668,0
12669,0
12670,0
12671,1
12672,5
12673,0
12674,5
12675,6
12676,6
12677,2
12678,0
12679,0
12680,0
12681,3
12682,0
12683,0
12684,6
12685,5
12686,0
12687,4
12688,6
12689,0
12690,5
12691,6
12692,3
12693,0
12694,0
12695,0
12696,5
12697,0
12698,0
12699,0
12700,0
12701,5
12702,0
12703,3
12704,0
12705,0
12706,5
12707,0
12708,0
12709,0
12710,3
12711,1
12712,1
12713,0
12714,2
12715,0
12716,1
12717,3
12718,6
12719,0
12720,6
12721,0
12722,0
12723,6
12724,5
12725,0
12726,0
12727,0
12728,1
12729,0
12730,0
12731,0
12732,0
12733,1
12734,4
12735,0
12736,0
12737,6
12738,1
12739,5
12740,1
12741,0
12742,0
12743,5
12744,0
12745,0
12746,4
12747,5
12748,6
12749,0
12750,4
12751,3
12752,4
12753,0
12754,3
12755,0
12756,3
12757,0
12758,0
12759,0
12760,0
12761,0
12762,0
12763,0
12764,2
12765,6
12766,0
12767,0
12768,0
12769,1
12770,0
12771,4
12772,0
12773,0
12774,1
12775,1
12776,0
12777,3
12778,0
12779,0
12780,1
12781,0
12782,6
12783,6
12784,0
12785,0
12786,0
12787,0
12788,0
12789,0
12790,1
12791,0
12792,0
12793,1
12794,6
12795,0
12796,4
12797,0
12798,0
12799,6
12800,0
12801,0
12802,0
12803,0
12804,6
12805,4
12806,0
12807,0
12808,0
12809,1
12810,6
12811,0
12812,1
12813,1
12814,3
12815,0
12816,0
12817,0
12818,1
12819,0
12820,1
12821,3
12822,0
12823,1
12824,5
12825,0
12826,1
12827,4
12828,1
12829,1
12830,1
12831,0
12832,0
12833,0
12834,6
12835,0
12836,0
12837,0
12838,1
12839,1
12840,0
12841,6
12842,0
12843,0
12844,0
12845,0
12846,0
12847,1
12848,6
12849,1
12850,6
12851,0
12852,1
12853,4
12854,0
12855,0
12856,0
12857,4
12858,1
12859,0
12860,0
12861,0
12862,0
12863,1
12864,0
12865,0
12866,0
12867,0
12868,1
12869,2
12870,0
12871,4
12872,2
12873,0
12874,3
12875,0
12876,6
12877,0
12878,0
12879,1
12880,0
12881,6
12882,6
12883,0
12884,1
12885,0
12886,4
12887,3
12888,0
12889,0
12890,6
12891,1
12892,1
12893,0
12894,0
12895,1
12896,0
12897,0
12898,0
12899,0
12900,3
12901,0
12902,0
12903,0
12904,3
12905,0
12906,6
12907,5
12908,4
12909,1
12910,0
12911,5
12912,0
12913,0
12914,0
12915,6
12916,0
12917,1
12918,4
12919,1
12920,0
12921,1
12922,0
12923,0
12924,0
12925,0
12926,1
12927,5
12928,2
12929,0
12930,0
12931,5
12932,0
12933,0
12934,0
12935,0
12936,5
12937,0
12938,0
12939,0
12940,0
12941,0
12942,4
12943,1
12944,3
12945,6
12946,4
12947,3
12948,0
12949,4
12950,0
12951,0
12952,0
12953,6
12954,1
12955,6
12956,1
12957,0
12958,3
12959,6
12960,0
12961,0
12962,0
12963,0
12964,5
12965,6
12966,0
12967,3
12968,0
12969,4
12970,4
12971,0
12972,1
12973,0
12974,1
12975,0
12976,0
12977,0
12978,5
12979,1
12980,0
12981,0
12982,0
12983,1
12984,5
12985,1
12986,0
12987,4
12988,0
12989,0
12990,6
12991,0
12992,0
12993,0
12994,0
12995,1
12996,0
12997,1
12998,0
12999,4
13000,0
13001,6
13002,0
13003,0
13004,0
13005,0
13006,3
13007,0
13008,0
13009,0
13010,4
13011,3
13012,0
13013,6
13014,1
13015,0
13016,0
13017,4
13018,0
13019,0
13020,6
13021,0
13022,1
13023,0
13024,0
13025,0
13026,6
13027,6
13028,0
13029,0
13030,0
13031,0
13032,4
13033,0
13034,6
13035,0
13036,6
13037,5
13038,3
13039,0
13040,0
13041,5
13042,5
13043,0
13044,0
13045,0
13046,0
13047,0
13048,0
13049,0
13050,3
13051,1
13052,0
13053,5
13054,6
13055,0
13056,4
13057,0
13058,0
13059,4
13060,5
13061,0
13062,0
13063,1
13064,0
13065,0
13066,1
13067,0
13068,1
13069,0
13070,1
13071,0
13072,5
13073,5
13074,2
13075,0
13076,6
13077,3
13078,5
13079,0
13080,1
13081,1
13082,0
13083,5
13084,6
13085,0
13086,0
13087,6
13088,1
13089,0
13090,0
13091,0
13092,1
13093,5
13094,0
13095,0
13096,0
13097,0
13098,6
13099,1
13100,5
13101,1
13102,0
13103,1
13104,1
13105,4
13106,0
13107,5
13108,0
13109,1
13110,6
13111,0
13112,0
13113,1
13114,6
13115,0
13116,0
13117,0
13118,6
13119,0
13120,0
13121,0
13122,0
13123,3
13124,6
13125,6
13126,4
13127,0
13128,0
13129,0
13130,0
13131,0
13132,0
13133,0
13134,1
13135,0
13136,3
13137,0
13138,5
13139,0
13140,1
13141,0
13142,3
13143,0
13144,0
13145,6
13146,6
13147,0
13148,0
13149,0
13150,0
13151,3
13152,0
13153,4
13154,1
13155,6
13156,2
13157,0
13158,1
13159,0
13160,0
13161,0
13162,0
13163,4
13164,0
13165,0
13166,0
13167,0
13168,0
13169,0
13170,0
13171,1
13172,6
13173,0
13174,0
13175,0
13176,0
13177,0
13178,0
13179,0
13180,0
13181,0
13182,1
13183,0
13184,0
13185,4
13186,0
13187,1
13188,0
13189,6
13190,4
13191,1
13192,0
13193,0
13194,0
13195,4
13196,0
13197,0
13198,0
13199,4
13200,0
13201,0
13202,0
13203,1
13204,1
13205,2
13206,3
13207,5
13208,0
13209,0
13210,0
13211,0
13212,5
13213,2
13214,0
13215,0
13216,0
13217,0
13218,2
13219,5
13220,0
13221,1
13222,1
13223,0
13224,0
13225,0
13226,1
13227,0
13228,0
13229,0
13230,0
13231,0
13232,0
13233,2
13234,1
13235,0
13236,0
13237,0
13238,1
13239,6
13240,5
13241,0
13242,4
13243,0
13244,0
13245,0
13246,5
13247,5
13248,3
13249,0
13250,1
13251,0
13252,0
13253,0
13254,1
13255,0
13256,0
13257,0
13258,3
13259,0
13260,0
13261,0
13262,1
13263,0
13264,4
13265,0
13266,4
13267,0
13268,5
13269,1
13270,3
13271,1
13272,0
13273,0
13274,0
13275,0
13276,4
13277,6
13278,0
13279,0
13280,0
13281,1
13282,0
13283,1
13284,5
13285,0
13286,0
13287,3
13288,0
13289,0
13290,6
13291,0
13292,2
13293,1
13294,4
13295,0
13296,0
13297,4
13298,0
13299,1
13300,3
13301,1
13302,3
13303,6
13304,0
13305,5
13306,0
13307,0
13308,0
13309,1
13310,0
13311,6
13312,1
13313,0
13314,3
13315,0
13316,1
13317,5
13318,6
13319,1
13320,6
13321,0
13322,0
13323,2
13324,0
13325,0
13326,0
13327,0
13328,0
13329,0
13330,1
13331,0
13332,6
13333,0
13334,4
13335,0
13336,6
13337,0
13338,0
13339,0
13340,5
13341,0
13342,0
13343,0
13344,1
13345,0
13346,5
13347,3
13348,4
13349,0
13350,0
13351,4
13352,0
13353,0
13354,0
13355,1
13356,0
13357,3
13358,0
13359,1
13360,5
13361,0
13362,5
13363,0
13364,0
13365,0
13366,5
13367,0
13368,0
13369,4
13370,0
13371,0
13372,0
13373,0
13374,0
13375,5
13376,3
13377,1
13378,3
13379,0
13380,0
13381,0
13382,2
13383,0
13384,2
13385,0
13386,0
13387,4
13388,0
13389,0
13390,0
13391,0
13392,3
13393,0
13394,3
13395,0
13396,0
13397,0
13398,0
13399,4
13400,1
13401,0
13402,1
13403,0
13404,0
13405,1
13406,0
13407,0
13408,0
13409,0
13410,0
13411,4
13412,0
13413,3
13414,0
13415,0
13416,6
13417,0
13418,0
13419,4
13420,0
13421,0
13422,0
13423,3
13424,5
13425,1
13426,0
13427,1
13428,1
13429,4
13430,6
13431,3
13432,6
13433,0
13434,0
13435,0
13436,6
13437,0
13438,1
13439,0
13440,3
13441,1
13442,0
13443,0
13444,0
13445,6
13446,0
13447,3
13448,0
13449,0
13450,0
13451,0
13452,0
13453,0
13454,5
13455,0
13456,0
13457,4
13458,1
13459,1
13460,0
13461,0
13462,4
13463,1
13464,6
13465,3
13466,1
13467,0
13468,0
13469,0
13470,1
13471,6
13472,0
13473,0
13474,0
13475,0
13476,5
13477,0
13478,0
13479,0
13480,0
13481,1
13482,3
13483,1
13484,2
13485,3
13486,0
13487,0
13488,0
13489,0
13490,0
13491,6
13492,0
13493,6
13494,0
13495,1
13496,0
13497,0
13498,0
13499,0
13500,6
13501,0
13502,0
13503,0
13504,0
13505,6
13506,1
13507,0
13508,0
13509,6
13510,0
13511,0
13512,4
13513,4
13514,6
13515,0
13516,0
13517,0
13518,0
13519,0
13520,0
13521,1
13522,4
13523,6
13524,2
13525,5
13526,0
13527,5
13528,0
13529,3
13530,4
13531,0
13532,5
13533,6
13534,1
13535,0
13536,1
13537,0
13538,6
13539,0
13540,1
13541,0
13542,0
13543,3
13544,0
13545,6
13546,5
13547,1
13548,0
13549,0
13550,6
13551,1
13552,0
13553,0
13554,6
13555,1
13556,5
13557,0
13558,6
13559,0
13560,3
13561,0
13562,0
13563,0
13564,0
13565,3
13566,1
13567,1
13568,5
13569,1
13570,0
13571,4
13572,0
13573,0
13574,5
13575,3
13576,0
13577,0
13578,0
13579,0
13580,5
13581,0
13582,0
13583,0
13584,0
13585,0
13586,0
13587,4
13588,0
13589,0
13590,0
13591,6
13592,0
13593,0
13594,0
13595,1
13596,5
13597,0
13598,0
13599,0
13600,0
13601,6
13602,5
13603,0
13604,5
13605,0
13606,4
13607,1
13608,2
13609,0
13610,5
13611,0
13612,0
13613,0
13614,0
13615,3
13616,0
13617,0
13618,0
13619,4
13620,0
13621,5
13622,0
13623,0
13624,0
13625,0
13626,0
13627,4
13628,2
13629,1
13630,0
13631,3
13632,6
13633,0
13634,0
13635,0
13636,1
13637,1
13638,0
13639,5
13640,0
13641,1
13642,2
13643,0
13644,0
13645,0
13646,0
13647,0
13648,0
13649,0
13650,0
13651,6
13652,0
13653,0
13654,6
13655,0
13656,1
13657,1
13658,0
13659,1
13660,3
13661,1
13662,0
13663,0
13664,0
13665,6
13666,0
13667,0
13668,2
13669,0
13670,0
13671,0
13672,0
13673,6
13674,0
13675,0
13676,0
13677,5
13678,4
13679,0
13680,6
13681,0
13682,0
13683,0
13684,6
13685,0
13686,1
13687,1
13688,4
13689,0
13690,0
13691,0
13692,6
13693,0
13694,0
13695,0
13696,0
13697,3
13698,1
13699,0
13700,0
13701,6
13702,0
13703,1
13704,1
13705,2
13706,3
13707,0
13708,5
13709,0
13710,6
13711,0
13712,4
13713,1
13714,1
13715,0
13716,0
13717,0
13718,0
13719,0
13720,0
13721,4
13722,6
13723,0
13724,0
13725,1
13726,3
13727,2
13728,5
13729,3
13730,0
13731,5
13732,5
13733,0
13734,6
13735,4
13736,0
13737,0
13738,4
13739,0
13740,5
13741,1
13742,0
13743,4
13744,0
13745,0
13746,6
13747,3
13748,0
13749,0
13750,0
13751,6
13752,1
13753,0
13754,4
13755,0
13756,0
13757,0
13758,0
13759,6
13760,0
13761,1
13762,0
13763,0
13764,0
13765,5
13766,0
13767,0
13768,6
13769,6
13770,0
13771,0
13772,6
13773,0
13774,0
13775,0
13776,5
13777,0
13778,1
13779,0
13780,0
13781,0
13782,1
13783,0
13784,0
13785,0
13786,0
13787,1
13788,3
13789,0
13790,0
13791,0
13792,5
13793,0
13794,0
13795,0
13796,0
13797,1
13798,5
13799,0
13800,0
13801,1
13802,3
13803,0
13804,0
13805,3
13806,4
13807,3
13808,0
13809,1
13810,0
13811,0
13812,0
13813,4
13814,3
13815,0
13816,1
13817,0
13818,6
13819,1
13820,0
13821,0
13822,0
13823,0
13824,5
13825,5
13826,0
13827,0
13828,0
13829,3
13830,1
13831,1
13832,3
13833,0
13834,0
13835,6
13836,4
13837,1
13838,1
13839,4
13840,0
13841,1
13842,0
13843,4
13844,0
13845,0
13846,1
13847,5
13848,0
13849,1
13850,5
13851,0
13852,6
13853,0
13854,5
13855,1
13856,1
13857,6
13858,0
13859,0
13860,3
13861,5
13862,3
13863,0
13864,0
13865,3
13866,0
13867,6
13868,3
13869,1
13870,0
13871,0
13872,1
13873,0
13874,4
13875,6
13876,6
13877,0
13878,5
13879,4
13880,0
13881,0
13882,0
13883,0
13884,0
13885,0
13886,0
13887,0
13888,0
13889,0
13890,5
13891,1
13892,6
13893,0
13894,0
13895,3
13896,0
13897,4
13898,6
13899,0
13900,6
13901,4
13902,0
13903,0
13904,0
13905,4
13906,0
13907,2
13908,4
13909,0
13910,0
13911,5
13912,0
13913,0
13914,5
13915,4
13916,2
13917,5
13918,0
13919,2
13920,6
13921,0
13922,3
13923,0
13924,0
13925,0
13926,6
13927,3
13928,3
13929,5
13930,4
13931,3
13932,1
13933,5
13934,1
13935,0
13936,3
13937,0
13938,0
13939,0
13940,4
13941,0
13942,0
13943,0
13944,6
13945,0
13946,0
13947,1
13948,4
13949,0
13950,6
13951,0
13952,1
13953,6
13954,0
13955,0
13956,5
13957,0
13958,3
13959,0
13960,5
13961,0
13962,0
13963,1
13964,0
13965,1
13966,3
13967,0
13968,0
13969,6
13970,0
13971,0
13972,1
13973,0
13974,6
13975,6
13976,0
13977,0
13978,5
13979,1
13980,0
13981,0
13982,5
13983,0
13984,0
13985,4
13986,0
13987,0
13988,0
13989,0
13990,0
13991,5
13992,0
13993,0
13994,5
13995,0
13996,1
13997,0
13998,4
13999,6
14000,0
14001,6
14002,0
14003,0
14004,6
14005,0
14006,0
14007,6
14008,0
14009,0
14010,0
14011,5
14012,0
14013,0
14014,2
14015,0
14016,6
14017,6
14018,0
14019,3
14020,0
14021,0
14022,0
14023,0
14024,0
14025,0
14026,5
14027,0
14028,5
14029,0
14030,4
14031,0
14032,0
14033,6
14034,0
14035,3
14036,1
14037,1
14038,6
14039,0
14040,6
14041,0
14042,0
14043,4
14044,0
14045,3
14046,0
14047,0
14048,1
14049,0
14050,0
14051,3
14052,0
14053,0
14054,5
14055,1
14056,0
14057,5
14058,0
14059,0
14060,6
14061,0
14062,0
14063,0
14064,5
14065,3
14066,0
14067,0
14068,0
14069,6
14070,6
14071,0
14072,0
14073,0
14074,0
14075,3
14076,1
14077,1
14078,0
14079,3
14080,1
14081,3
14082,4
14083,0
14084,0
14085,0
14086,6
14087,0
14088,1
14089,6
14090,0
14091,0
14092,0
14093,5
14094,0
14095,5
14096,1
14097,6
14098,1
14099,0
14100,0
14101,0
14102,0
14103,0
14104,0
14105,3
14106,0
14107,4
14108,1
14109,6
14110,0
14111,0
14112,0
14113,5
14114,0
14115,6
14116,0
14117,0
14118,0
14119,6
14120,0
14121,0
14122,6
14123,0
14124,0
14125,0
14126,1
14127,0
14128,1
14129,0
14130,6
14131,0
14132,0
14133,5
14134,1
14135,0
14136,0
14137,2
14138,3
14139,1
14140,3
14141,5
14142,6
14143,0
14144,0
14145,0
14146,5
14147,0
14148,1
14149,0
14150,0
14151,0
14152,1
14153,0
14154,0
14155,6
14156,0
14157,0
14158,0
14159,0
14160,0
14161,5
14162,6
14163,0
14164,0
14165,3
14166,0
14167,0
14168,0
14169,0
14170,5
14171,1
14172,5
14173,0
14174,0
14175,1
14176,0
14177,1
14178,0
14179,6
14180,3
14181,0
14182,3
14183,5
14184,1
14185,0
14186,0
14187,0
14188,0
14189,2
14190,4
14191,1
14192,0
14193,0
14194,0
14195,0
14196,0
14197,6
14198,3
14199,5
14200,1
14201,0
14202,1
14203,2
14204,0
14205,0
14206,1
14207,0
14208,5
14209,5
14210,3
14211,0
14212,0
14213,0
14214,4
14215,0
14216,4
14217,0
14218,1
14219,3
14220,0
14221,4
14222,4
14223,0
14224,3
14225,5
14226,0
14227,0
14228,2
14229,0
14230,0
14231,0
14232,4
14233,0
14234,1
14235,0
14236,0
14237,0
14238,0
14239,0
14240,2
14241,4
14242,0
14243,0
14244,6
14245,4
14246,2
14247,0
14248,0
14249,6
14250,0
14251,4
14252,1
14253,3
14254,5
14255,5
14256,0
14257,0
14258,2
14259,5
14260,4
14261,5
14262,0
14263,0
14264,0
14265,0
14266,0
14267,0
14268,0
14269,0
14270,0
14271,0
14272,0
14273,0
14274,0
14275,0
14276,0
14277,0
14278,1
14279,0
14280,0
14281,5
14282,6
14283,6
14284,0
14285,6
14286,5
14287,1
14288,0
14289,1
14290,4
14291,0
14292,6
14293,1
14294,2
14295,0
14296,3
14297,5
14298,5
14299,0
14300,0
14301,0
14302,0
14303,0
14304,0
14305,1
14306,1
14307,6
14308,0
14309,3
14310,0
14311,4
14312,1
14313,0
14314,0
14315,0
14316,0
14317,6
14318,1
14319,0
14320,0
14321,4
14322,0
14323,0
14324,0
14325,0
14326,1
14327,0
14328,0
14329,5
14330,3
14331,0
14332,0
14333,6
14334,6
14335,0
14336,1
14337,1
14338,0
14339,0
14340,0
14341,0
14342,1
14343,6
14344,0
14345,0
14346,6
14347,0
14348,0
14349,1
14350,0
14351,0
14352,0
14353,0
14354,5
14355,0
14356,3
14357,6
14358,1
14359,0
14360,0
14361,1
14362,0
14363,0
14364,0
14365,6
14366,0
14367,1
14368,1
14369,0
14370,0
14371,0
14372,1
14373,1
14374,0
14375,0
14376,0
14377,0
14378,0
14379,5
14380,0
14381,0
14382,0
14383,5
14384,6
14385,3
14386,0
14387,2
14388,0
14389,2
14390,1
14391,0
14392,0
14393,4
14394,6
14395,0
14396,0
14397,0
14398,0
14399,5
14400,0
14401,1
14402,0
14403,6
14404,1
14405,0
14406,0
14407,5
14408,6
14409,0
14410,5
14411,5
14412,0
14413,0
14414,0
14415,0
14416,2
14417,4
14418,5
14419,6
14420,4
14421,1
14422,0
14423,1
14424,3
14425,0
14426,1
14427,0
14428,0
14429,0
14430,1
14431,1
14432,2
14433,2
14434,2
14435,0
14436,0
14437,1
14438,0
14439,0
14440,5
14441,0
14442,1
14443,0
14444,6
14445,5
14446,6
14447,2
14448,0
14449,1
14450,0
14451,0
14452,2
14453,5
14454,0
14455,0
14456,5
14457,1
14458,0
14459,5
14460,0
14461,6
14462,1
14463,3
14464,0
14465,0
14466,0
14467,2
14468,3
14469,1
14470,5
14471,0
14472,4
14473,0
14474,3
14475,1
14476,5
14477,1
14478,0
14479,0
14480,0
14481,0
14482,0
14483,1
14484,5
14485,0
14486,6
14487,0
14488,0
14489,3
14490,0
14491,4
14492,6
14493,5
14494,6
14495,0
14496,0
14497,1
14498,1
14499,0
14500,2
14501,0
14502,0
14503,1
14504,4
14505,0
14506,1
14507,0
14508,0
14509,1
14510,5
14511,0
14512,1
14513,0
14514,0
14515,6
14516,0
14517,0
14518,0
14519,0
14520,3
14521,1
14522,0
14523,0
14524,0
14525,0
14526,5
14527,6
14528,2
14529,1
14530,5
14531,0
14532,6
14533,5
14534,3
14535,4
14536,0
14537,1
14538,0
14539,0
14540,0
14541,0
14542,0
14543,1
14544,1
14545,0
14546,0
14547,1
14548,0
14549,0
14550,4
14551,5
14552,0
14553,1
14554,0
14555,0
14556,1
14557,5
14558,0
14559,0
14560,5
14561,3
14562,5
14563,0
14564,0
14565,0
14566,3
14567,1
14568,0
14569,6
14570,0
14571,0
14572,2
14573,0
14574,3
14575,4
14576,0
14577,1
14578,2
14579,1
14580,4
14581,0
14582,0
14583,5
14584,1
14585,0
14586,6
14587,0
14588,0
14589,0
14590,0
14591,0
14592,5
14593,5
14594,1
14595,5
14596,0
14597,0
14598,6
14599,2
14600,5
14601,0
14602,0
14603,5
14604,0
14605,1
14606,1
14607,1
14608,5
14609,4
14610,0
14611,1
14612,5
14613,0
14614,1
14615,3
14616,4
14617,0
14618,1
14619,0
14620,0
14621,6
14622,1
14623,0
14624,1
14625,0
14626,0
14627,4
14628,0
14629,2
14630,6
14631,1
14632,0
14633,3
14634,0
14635,0
14636,0
14637,5
14638,0
14639,5
14640,0
14641,0
14642,0
14643,0
14644,0
14645,0
14646,4
14647,0
14648,1
14649,0
14650,3
14651,0
14652,0
14653,5
14654,1
14655,6
14656,0
14657,0
14658,0
14659,1
14660,0
14661,0
14662,1
14663,0
14664,1
14665,2
14666,0
14667,0
14668,0
14669,0
14670,0
14671,3
14672,6
14673,6
14674,0
14675,0
14676,5
14677,0
14678,4
14679,0
14680,0
14681,0
14682,0
14683,0
14684,4
14685,1
14686,4
14687,5
14688,0
14689,0
14690,4
14691,5
14692,1
14693,0
14694,0
14695,5
14696,0
14697,0
14698,5
14699,6
14700,0
14701,6
14702,5
14703,4
14704,4
14705,4
14706,1
14707,0
14708,0
14709,6
14710,5
14711,0
14712,0
14713,0
14714,0
14715,2
14716,4
14717,1
14718,1
14719,6
14720,6
14721,0
14722,0
14723,0
14724,0
14725,0
14726,0
14727,3
14728,0
14729,0
14730,0
14731,0
14732,0
14733,0
14734,0
14735,0
14736,3
14737,2
14738,0
14739,0
14740,0
14741,0
14742,1
14743,4
14744,0
14745,0
14746,0
14747,5
14748,0
14749,3
14750,5
14751,1
14752,0
14753,0
14754,1
14755,0
14756,6
14757,0
14758,0
14759,1
14760,0
14761,4
14762,0
14763,0
14764,0
14765,0
14766,3
14767,0
14768,0
14769,0
14770,1
14771,0
14772,5
14773,0
14774,2
14775,6
14776,0
14777,0
14778,0
14779,3
14780,0
14781,0
14782,0
14783,2
14784,4
14785,0
14786,1
14787,1
14788,5
14789,2
14790,0
14791,0
14792,1
14793,0
14794,3
14795,0
14796,0
14797,1
14798,0
14799,0
14800,0
14801,6
14802,1
14803,0
14804,6
14805,0
14806,0
14807,0
14808,0
14809,0
14810,5
14811,0
14812,0
14813,1
14814,0
14815,0
14816,0
14817,0
14818,0
14819,1
14820,0
14821,0
14822,0
14823,0
14824,1
14825,3
14826,0
14827,0
14828,1
14829,0
14830,0
14831,6
14832,5
14833,0
14834,0
14835,0
14836,6
14837,3
14838,0
14839,0
14840,0
14841,0
14842,6
14843,0
14844,1
14845,6
14846,0
14847,0
14848,6
14849,3
14850,0
14851,0
14852,4
14853,4
14854,4
14855,0
14856,0
14857,0
14858,4
14859,6
14860,2
14861,5
14862,4
14863,0
14864,3
14865,0
14866,0
14867,0
14868,1
14869,5
14870,1
14871,0
14872,0
14873,0
14874,2
14875,0
14876,0
14877,0
14878,0
14879,3
14880,0
14881,0
14882,1
14883,0
14884,1
14885,1
14886,4
14887,5
14888,0
14889,0
14890,0
14891,5
14892,0
14893,0
14894,0
14895,0
14896,0
14897,0
14898,0
14899,0
14900,1
14901,0
14902,5
14903,0
14904,4
14905,0
14906,0
14907,0
14908,0
14909,1
14910,0
14911,0
14912,4
14913,0
14914,0
14915,5
14916,0
14917,0
14918,0
14919,0
14920,4
14921,1
14922,1
14923,0
14924,0
14925,3
14926,0
14927,2
14928,5
14929,0
14930,0
14931,0
14932,3
14933,0
14934,6
14935,0
14936,5
14937,0
14938,1
14939,2
14940,0
14941,0
14942,0
14943,5
14944,0
14945,0
14946,0
14947,0
14948,0
14949,3
14950,4
14951,2
14952,5
14953,2
14954,5
14955,4
14956,0
14957,0
14958,3
14959,5
14960,6
14961,0
14962,1
14963,0
14964,5
14965,0
14966,2
14967,0
14968,0
14969,0
14970,2
14971,0
14972,6
14973,6
14974,3
14975,1
14976,3
14977,0
14978,5
14979,0
14980,0
14981,4
14982,0
14983,3
14984,0
14985,0
14986,1
14987,0
14988,4
14989,0
14990,0
14991,1
14992,0
14993,5
14994,5
14995,0
14996,0
14997,2
14998,0
14999,6
15000,0
15001,0
15002,3
15003,4
15004,0
15005,1
15006,0
15007,5
15008,3
15009,0
15010,1
15011,3
15012,1
15013,0
15014,0
15015,0
15016,4
15017,5
15018,0
15019,3
15020,0
15021,6
15022,0
15023,0
15024,0
15025,0
15026,1
15027,0
15028,5
15029,1
15030,0
15031,0
15032,0
15033,0
15034,0
15035,0
15036,0
15037,3
15038,0
15039,4
15040,6
15041,0
15042,0
15043,0
15044,0
15045,0
15046,0
15047,0
15048,0
15049,0
15050,0
15051,0
15052,0
15053,0
15054,0
15055,1
15056,1
15057,0
15058,0
15059,4
15060,0
15061,1
15062,0
15063,0
15064,2
15065,5
15066,5
15067,0
15068,2
15069,5
15070,5
15071,1
15072,0
15073,0
15074,0
15075,0
15076,4
15077,0
15078,0
15079,0
15080,0
15081,0
15082,6
15083,0
15084,0
15085,0
15086,6
15087,0
15088,0
15089,5
15090,0
15091,1
15092,0
15093,1
15094,0
15095,2
15096,0
15097,3
15098,0
15099,6
15100,1
15101,2
15102,4
15103,2
15104,0
15105,0
15106,0
15107,4
15108,0
15109,0
15110,6
15111,0
15112,0
15113,4
15114,6
15115,1
15116,0
15117,1
15118,0
15119,6
15120,5
15121,5
15122,0
15123,0
15124,0
15125,6
15126,3
15127,5
15128,0
15129,1
15130,5
15131,1
15132,0
15133,0
15134,6
15135,0
15136,0
15137,0
15138,4
15139,0
15140,0
15141,0
15142,0
15143,0
15144,0
15145,3
15146,0
15147,0
15148,0
15149,0
15150,0
15151,4
15152,0
15153,0
15154,4
15155,1
15156,0
15157,0
15158,5
15159,0
15160,0
15161,6
15162,0
15163,1
15164,0
15165,0
15166,0
15167,4
15168,4
15169,6
15170,0
15171,0
15172,0
15173,6
15174,1
15175,4
15176,0
15177,3
15178,0
15179,3
15180,0
15181,0
15182,0
15183,1
15184,0
15185,6
15186,0
15187,0
15188,1
15189,1
15190,6
15191,6
15192,0
15193,0
15194,5
15195,0
15196,0
15197,1
15198,0
15199,0
15200,5
15201,1
15202,0
15203,0
15204,0
15205,0
15206,0
15207,0
15208,0
15209,6
15210,1
15211,6
15212,1
15213,3
15214,5
15215,1
15216,0
15217,5
15218,2
15219,6
15220,6
15221,0
15222,0
15223,6
15224,0
15225,0
15226,4
15227,1
15228,0
15229,0
15230,4
15231,0
15232,0
15233,0
15234,0
15235,0
15236,1
15237,0
15238,5
15239,0
15240,3
15241,0
15242,6
15243,1
15244,0
15245,6
15246,0
15247,0
15248,4
15249,0
15250,0
15251,4
15252,1
15253,0
15254,5
15255,0
15256,0
15257,1
15258,1
15259,0
15260,1
15261,0
15262,6
15263,0
15264,0
15265,1
15266,0
15267,6
15268,6
15269,0
15270,0
15271,0
15272,6
15273,5
15274,4
15275,3
15276,1
15277,0
15278,0
15279,1
15280,3
15281,6
15282,5
15283,3
15284,0
15285,0
15286,3
15287,6
15288,0
15289,3
15290,0
15291,0
15292,5
15293,0
15294,4
15295,0
15296,0
15297,1
15298,0
15299,0
15300,0
15301,4
15302,0
15303,0
15304,0
15305,1
15306,0
15307,0
15308,0
15309,1
15310,0
15311,5
15312,0
15313,0
15314,0
15315,5
15316,1
15317,1
15318,0
15319,0
15320,1
15321,6
15322,0
15323,6
15324,1
15325,5
15326,3
15327,6
15328,0
15329,0
15330,0
15331,0
15332,0
15333,0
15334,0
15335,4
15336,2
15337,0
15338,5
15339,0
15340,3
15341,5
15342,5
15343,0
15344,0
15345,0
15346,4
15347,0
15348,0
15349,0
15350,1
15351,0
15352,0
15353,0
15354,0
15355,6
15356,5
15357,6
15358,6
15359,0
15360,0
15361,0
15362,0
15363,0
15364,6
15365,3
15366,6
15367,0
15368,0
15369,2
15370,5
15371,0
15372,1
15373,0
15374,0
15375,0
15376,6
15377,1
15378,0
15379,0
15380,0
15381,4
15382,5
15383,0
15384,4
15385,0
15386,0
15387,1
15388,2
15389,0
15390,6
15391,5
15392,0
15393,5
15394,0
15395,0
15396,1
15397,6
15398,5
15399,6
15400,0
15401,0
15402,0
15403,5
15404,1
15405,0
15406,0
15407,2
15408,0
15409,0
15410,0
15411,1
15412,1
15413,4
15414,0
15415,0
15416,6
15417,4
15418,0
15419,4
15420,0
15421,5
15422,1
15423,4
15424,0
15425,0
15426,1
15427,0
15428,6
15429,5
15430,6
15431,0
15432,1
15433,4
15434,0
15435,0
15436,0
15437,0
15438,3
15439,4
15440,6
15441,4
15442,1
15443,0
15444,6
15445,6
15446,0
15447,0
15448,0
15449,1
15450,0
15451,0
15452,0
15453,0
15454,0
15455,3
15456,0
15457,1
15458,0
15459,1
15460,6
15461,0
15462,0
15463,0
15464,1
15465,0
15466,0
15467,6
15468,0
15469,0
15470,1
15471,0
15472,5
15473,0
15474,0
15475,1
15476,6
15477,0
15478,0
15479,1
15480,0
15481,6
15482,5
15483,0
15484,0
15485,2
15486,0
15487,3
15488,2
15489,0
15490,0
15491,0
15492,0
15493,1
15494,0
15495,1
15496,0
15497,6
15498,2
15499,0
15500,0
15501,0
15502,0
15503,5
15504,1
15505,0
15506,0
15507,0
15508,0
15509,6
15510,5
15511,5
15512,4
15513,0
15514,1
15515,2
15516,5
15517,6
15518,0
15519,0
15520,4
15521,1
15522,0
15523,0
15524,5
15525,6
15526,1
15527,0
15528,5
15529,5
15530,0
15531,0
15532,5
15533,0
15534,0
15535,0
15536,1
15537,6
15538,0
15539,6
15540,6
15541,5
15542,5
15543,0
15544,0
15545,1
15546,0
15547,6
15548,0
15549,1
15550,1
15551,3
15552,0
15553,0
15554,4
15555,0
15556,6
15557,0
15558,4
15559,0
15560,0
15561,0
15562,0
15563,3
15564,0
15565,1
15566,0
15567,0
15568,0
15569,0
15570,5
15571,5
15572,6
15573,6
15574,0
15575,0
15576,0
15577,0
15578,0
15579,0
15580,0
15581,0
15582,0
15583,4
15584,6
15585,5
15586,0
15587,0
15588,0
15589,0
15590,6
15591,6
15592,3
15593,1
15594,0
15595,1
15596,5
15597,0
15598,3
15599,5
15600,4
15601,1
15602,5
15603,1
15604,0
15605,0
15606,2
15607,0
15608,0
15609,0
15610,6
15611,1
15612,0
15613,0
15614,6
15615,0
15616,0
15617,0
15618,3
15619,0
15620,3
15621,5
15622,0
15623,0
15624,6
15625,0
15626,0
15627,6
15628,0
15629,0
15630,3
15631,0
15632,3
15633,0
15634,0
15635,0
15636,0
15637,5
15638,0
15639,5
15640,1
15641,0
15642,0
15643,0
15644,0
15645,0
15646,0
15647,4
15648,1
15649,6
15650,1
15651,0
15652,5
15653,0
15654,0
15655,2
15656,0
15657,6
15658,4
15659,0
15660,0
15661,6
15662,0
15663,0
15664,1
15665,4
15666,5
15667,0
15668,0
15669,4
15670,1
15671,0
15672,0
15673,3
15674,3
15675,5
15676,0
15677,0
15678,0
15679,0
15680,0
15681,4
15682,0
15683,0
15684,0
15685,5
15686,5
15687,6
15688,5
15689,0
15690,6
15691,0
15692,3
15693,0
15694,0
15695,0
15696,2
15697,0
15698,4
15699,0
15700,0
15701,0
15702,0
15703,1
15704,0
15705,1
15706,4
15707,1
15708,0
15709,0
15710,0
15711,3
15712,1
15713,3
15714,1
15715,1
15716,0
15717,0
15718,0
15719,5
15720,6
15721,0
15722,0
15723,0
15724,0
15725,1
15726,0
15727,1
15728,0
15729,0
15730,0
15731,0
15732,2
15733,6
15734,5
15735,0
15736,0
15737,0
15738,3
15739,0
15740,3
15741,0
15742,0
15743,2
15744,6
15745,0
15746,3
15747,0
15748,1
15749,0
15750,0
15751,0
15752,0
15753,3
15754,4
15755,0
15756,1
15757,6
15758,0
15759,0
15760,5
15761,0
15762,0
15763,0
15764,0
15765,1
15766,3
15767,5
15768,0
15769,1
15770,5
15771,1
15772,4
15773,0
15774,6
15775,0
15776,1
15777,1
15778,1
15779,6
15780,3
15781,0
15782,4
15783,0
15784,0
15785,6
15786,0
15787,1
15788,0
15789,6
15790,0
15791,0
15792,0
15793,6
15794,0
15795,0
15796,0
15797,6
15798,1
15799,6
15800,5
15801,0
15802,6
15803,1
15804,4
15805,0
15806,1
15807,0
15808,3
15809,3
15810,0
15811,3
15812,3
15813,0
15814,0
15815,1
15816,0
15817,4
15818,0
15819,1
15820,6
15821,0
15822,6
15823,1
15824,0
15825,5
15826,0
15827,0
15828,0
15829,5
15830,5
15831,1
15832,1
15833,5
15834,6
15835,6
15836,0
15837,0
15838,0
15839,1
15840,0
15841,5
15842,5
15843,0
15844,3
15845,4
15846,0
15847,0
15848,0
15849,0
15850,3
15851,0
15852,0
15853,5
15854,0
15855,0
15856,0
15857,1
15858,1
15859,0
15860,6
15861,2
15862,0
15863,0
15864,0
15865,0
15866,0
15867,0
15868,0
15869,5
15870,0
15871,0
15872,6
15873,1
15874,0
15875,0
15876,0
15877,0
15878,0
15879,2
15880,0
15881,1
15882,1
15883,1
15884,5
15885,0
15886,0
15887,0
15888,1
15889,0
15890,6
15891,0
15892,0
15893,1
15894,6
15895,0
15896,0
15897,6
15898,0
15899,0
15900,0
15901,6
15902,5
15903,0
15904,3
15905,0
15906,6
15907,3
15908,0
15909,0
15910,4
15911,1
15912,0
15913,0
15914,4
15915,0
15916,2
15917,0
15918,0
15919,4
15920,1
15921,5
15922,0
15923,0
15924,0
15925,0
15926,4
15927,0
15928,3
15929,0
15930,1
15931,0
15932,0
15933,0
15934,4
15935,0
15936,0
15937,0
15938,1
15939,0
15940,4
15941,1
15942,3
15943,5
15944,1
15945,0
15946,1
15947,0
15948,1
15949,3
15950,0
15951,0
15952,0
15953,0
15954,4
15955,1
15956,0
15957,6
15958,0
15959,0
15960,1
15961,0
15962,0
15963,1
15964,1
15965,0
15966,0
15967,0
15968,6
15969,1
15970,0
15971,0
15972,0
15973,1
15974,0
15975,0
15976,1
15977,3
15978,1
15979,5
15980,0
15981,0
15982,0
15983,3
15984,5
15985,0
15986,1
15987,6
15988,0
15989,0
15990,0
15991,3
15992,1
15993,0
15994,0
15995,0
15996,0
15997,6
15998,3
15999,0
16000,1
16001,4
16002,0
16003,0
16004,0
16005,0
16006,0
16007,5
16008,0
16009,0
16010,0
16011,0
16012,0
16013,5
16014,0
16015,0
16016,0
16017,5
16018,6
16019,5
16020,3
16021,6
16022,0
16023,0
16024,0
16025,5
16026,0
16027,0
16028,2
16029,0
16030,6
16031,3
16032,5
16033,1
16034,0
16035,4
16036,2
16037,0
16038,4
16039,0
16040,0
16041,3
16042,6
16043,0
16044,0
16045,5
16046,0
16047,0
16048,0
16049,0
16050,0
16051,0
16052,0
16053,4
16054,0
16055,0
16056,0
16057,0
16058,3
16059,0
16060,0
16061,0
16062,6
16063,0
16064,4
16065,5
16066,0
16067,0
16068,0
16069,1
16070,0
16071,0
16072,0
16073,0
16074,0
16075,0
16076,0
16077,3
16078,6
16079,5
16080,2
16081,0
16082,5
16083,5
16084,0
16085,0
16086,6
16087,5
16088,1
16089,0
16090,1
16091,0
16092,2
16093,0
16094,0
16095,1
16096,0
16097,1
16098,0
16099,1
16100,0
16101,5
16102,0
16103,4
16104,0
16105,3
16106,0
16107,1
16108,6
16109,0
16110,0
16111,0
16112,6
16113,0
16114,0
16115,1
16116,5
16117,1
16118,0
16119,0
16120,2
16121,0
16122,0
16123,1
16124,3
16125,0
16126,0
16127,0
16128,2
16129,3
16130,6
16131,6
16132,0
16133,0
16134,0
16135,5
16136,0
16137,5
16138,4
16139,0
16140,5
16141,4
16142,4
16143,4
16144,0
16145,6
16146,0
16147,3
16148,0
16149,6
16150,4
16151,3
16152,5
16153,1
16154,0
16155,6
16156,1
16157,0
16158,6
16159,0
16160,0
16161,6
16162,3
16163,5
16164,0
16165,0
16166,5
16167,0
16168,0
16169,5
16170,0
16171,4
16172,0
16173,5
16174,0
16175,0
16176,0
16177,0
16178,0
16179,1
16180,5
16181,3
16182,0
16183,6
16184,0
16185,0
16186,0
16187,0
16188,4
16189,5
16190,3
16191,2
16192,0
16193,0
16194,0
16195,0
16196,4
16197,1
16198,0
16199,0
16200,0
16201,1
16202,6
16203,0
16204,3
16205,2
16206,3
16207,1
16208,1
16209,3
16210,0
16211,6
16212,0
16213,0
16214,0
16215,0
16216,1
16217,0
16218,1
16219,0
16220,6
16221,6
16222,4
16223,6
16224,4
16225,1
16226,5
16227,0
16228,3
16229,4
16230,0
16231,1
16232,0
16233,0
16234,0
16235,5
16236,3
16237,1
16238,1
16239,0
16240,0
16241,0
16242,0
16243,0
16244,1
16245,0
16246,0
16247,0
16248,0
16249,0
16250,3
16251,6
16252,3
16253,5
16254,0
16255,0
16256,3
16257,4
16258,5
16259,0
16260,0
16261,0
16262,0
16263,1
16264,0
16265,3
16266,4
16267,0
16268,0
16269,4
16270,0
16271,0
16272,0
16273,6
16274,0
16275,0
16276,0
16277,0
16278,0
16279,6
16280,0
16281,1
16282,5
16283,0
16284,0
16285,0
16286,0
16287,0
16288,0
16289,4
16290,0
16291,0
16292,0
16293,0
16294,3
16295,6
16296,0
16297,6
16298,0
16299,0
16300,0
16301,4
16302,0
16303,1
16304,1
16305,0
16306,3
16307,0
16308,6
16309,0
16310,0
16311,1
16312,1
16313,1
16314,0
16315,0
16316,4
16317,0
16318,0
16319,0
16320,2
16321,0
16322,0
16323,0
16324,0
16325,0
16326,4
16327,0
16328,0
16329,3
16330,0
16331,4
16332,0
16333,1
16334,0
16335,6
16336,1
16337,0
16338,6
16339,0
16340,0
16341,0
16342,5
16343,0
16344,0
16345,0
16346,6
16347,0
16348,0
16349,0
16350,0
16351,0
16352,0
16353,1
16354,1
16355,0
16356,1
16357,1
16358,1
16359,1
16360,6
16361,6
16362,4
16363,0
16364,0
16365,0
16366,5
16367,3
16368,4
16369,1
16370,4
16371,0
16372,0
16373,0
16374,4
16375,6
16376,2
16377,0
16378,1
16379,0
16380,6
16381,0
16382,1
16383,0
16384,3
16385,0
16386,2
16387,0
16388,6
16389,6
16390,6
16391,5
16392,2
16393,0
16394,0
16395,0
16396,0
16397,1
16398,1
16399,0
16400,2
16401,0
16402,3
16403,0
16404,1
16405,6
16406,0
16407,5
16408,0
16409,0
16410,1
16411,5
16412,1
16413,0
16414,1
16415,1
16416,5
16417,0
16418,0
16419,3
16420,0
16421,6
16422,1
16423,1
16424,0
16425,0
16426,4
16427,6
16428,0
16429,6
16430,6
16431,0
16432,0
16433,0
16434,6
16435,0
16436,0
16437,0
16438,0
16439,4
16440,2
16441,1
16442,0
16443,0
16444,0
16445,6
16446,1
16447,6
16448,3
16449,1
16450,3
16451,4
16452,6
16453,0
16454,1
16455,0
16456,4
16457,4
16458,3
16459,1
16460,5
16461,1
16462,5
16463,1
16464,6
16465,4
16466,6
16467,6
16468,4
16469,5
16470,0
16471,6
16472,0
16473,0
16474,1
16475,6
16476,0
16477,1
16478,4
16479,3
16480,2
16481,6
16482,0
16483,3
16484,0
16485,0
16486,1
16487,1
16488,0
16489,0
16490,0
16491,0
16492,6
16493,6
16494,1
16495,0
16496,3
16497,5
16498,6
16499,0
16500,4
16501,0
16502,0
16503,0
16504,5
16505,0
16506,0
16507,3
16508,1
16509,0
16510,0
16511,5
16512,4
16513,1
16514,0
16515,5
16516,0
16517,0
16518,3
16519,0
16520,0
16521,0
16522,5
16523,1
16524,6
16525,0
16526,0
16527,0
16528,2
16529,0
16530,0
16531,6
16532,0
16533,0
16534,4
16535,1
16536,4
16537,0
16538,0
16539,6
16540,1
16541,1
16542,6
16543,1
16544,0
16545,0
16546,0
16547,3
16548,5
16549,0
16550,0
16551,4
16552,0
16553,1
16554,0
16555,1
16556,0
16557,0
16558,1
16559,0
16560,0
16561,0
16562,0
16563,0
16564,5
16565,4
16566,0
16567,0
16568,6
16569,0
16570,0
16571,4
16572,4
16573,0
16574,5
16575,1
16576,1
16577,5
16578,0
16579,0
16580,0
16581,6
16582,0
16583,0
16584,1
16585,0
16586,0
16587,6
16588,3
16589,0
16590,0
16591,1
16592,0
16593,4
16594,3
16595,0
16596,0
16597,3
16598,5
16599,0
16600,0
16601,0
16602,0
16603,2
16604,0
16605,3
16606,1
16607,3
16608,5
16609,2
16610,0
16611,1
16612,3
16613,5
16614,1
16615,5
16616,5
16617,0
16618,4
16619,1
16620,4
16621,0
16622,0
16623,0
16624,0
16625,5
16626,3
16627,0
16628,0
16629,0
16630,6
16631,1
16632,1
16633,0
16634,1
16635,0
16636,1
16637,0
16638,3
16639,0
16640,3
16641,0
16642,3
16643,0
16644,0
16645,0
16646,1
16647,2
16648,3
16649,0
16650,4
16651,4
16652,5
16653,1
16654,0
16655,0
16656,0
16657,0
16658,0
16659,0
16660,0
16661,0
16662,1
16663,0
16664,3
16665,0
16666,0
16667,5
16668,1
16669,0
16670,3
16671,0
16672,0
16673,0
16674,2
16675,0
16676,0
16677,0
16678,0
16679,0
16680,5
16681,0
16682,5
16683,1
16684,0
16685,0
16686,1
16687,0
16688,0
16689,1
16690,1
16691,0
16692,6
16693,1
16694,5
16695,1
16696,1
16697,5
16698,0
16699,0
16700,6
16701,4
16702,3
16703,0
16704,0
16705,4
16706,0
16707,0
16708,6
16709,0
16710,0
16711,6
16712,2
16713,0
16714,0
16715,1
16716,0
16717,3
16718,0
16719,0
16720,0
16721,0
16722,0
16723,6
16724,5
16725,0
16726,6
16727,1
16728,0
16729,3
16730,3
16731,3
16732,4
16733,0
16734,0
16735,1
16736,0
16737,6
16738,0
16739,6
16740,0
16741,0
16742,1
16743,0
16744,1
16745,0
16746,0
16747,3
16748,0
16749,2
16750,2
16751,1
16752,0
16753,0
16754,0
16755,5
16756,0
16757,2
16758,0
16759,1
16760,0
16761,0
16762,0
16763,0
16764,0
16765,5
16766,0
16767,0
16768,0
16769,5
16770,0
16771,3
16772,1
16773,4
16774,0
16775,2
16776,0
16777,1
16778,0
16779,0
16780,3
16781,1
16782,0
16783,1
16784,0
16785,0
16786,2
16787,3
16788,0
16789,0
16790,1
16791,0
16792,4
16793,6
16794,4
16795,0
16796,4
16797,6
16798,0
16799,0
16800,3
16801,6
16802,1
16803,0
16804,0
16805,0
16806,0
16807,4
16808,5
16809,1
16810,0
16811,0
16812,1
16813,0
16814,0
16815,0
16816,1
16817,0
16818,0
16819,0
16820,2
16821,5
16822,0
16823,0
16824,4
16825,5
16826,6
16827,0
16828,0
16829,4
16830,3
16831,0
16832,0
16833,1
16834,3
16835,0
16836,0
16837,5
16838,0
16839,3
16840,0
16841,5
16842,0
16843,3
16844,0
16845,0
16846,6
16847,0
16848,0
16849,0
16850,6
16851,0
16852,0
16853,4
16854,0
16855,0
16856,4
16857,0
16858,4
16859,1
16860,1
16861,0
16862,0
16863,6
16864,0
16865,0
16866,0
16867,0
16868,0
16869,0
16870,0
16871,6
16872,5
16873,0
16874,2
16875,6
16876,0
16877,0
16878,1
16879,3
16880,0
16881,5
16882,0
16883,5
16884,1
16885,1
16886,1
16887,5
16888,0
16889,3
16890,0
16891,6
16892,0
16893,1
16894,5
16895,6
16896,5
16897,6
16898,3
16899,0
16900,1
16901,0
16902,0
16903,6
16904,0
16905,4
16906,1
16907,0
16908,0
16909,0
16910,0
16911,0
16912,0
16913,0
16914,6
16915,4
16916,0
16917,1
16918,5
16919,0
16920,0
16921,4
16922,0
16923,5
16924,1
16925,0
16926,0
16927,5
16928,0
16929,6
16930,6
16931,0
16932,5
16933,1
16934,3
16935,0
16936,0
16937,0
16938,0
16939,0
16940,0
16941,0
16942,0
16943,1
16944,0
16945,5
16946,1
16947,0
16948,0
16949,0
16950,3
16951,5
16952,0
16953,0
16954,4
16955,0
16956,0
16957,0
16958,5
16959,0
16960,0
16961,1
16962,2
16963,0
16964,0
16965,0
16966,0
16967,0
16968,4
16969,0
16970,0
16971,0
16972,0
16973,0
16974,0
16975,3
16976,0
16977,5
16978,3
16979,0
16980,1
16981,6
16982,0
16983,0
16984,0
16985,3
16986,0
16987,0
16988,0
16989,0
16990,0
16991,0
16992,6
16993,0
16994,0
16995,0
16996,6
16997,0
16998,0
16999,0
17000,0
17001,0
17002,4
17003,0
17004,0
17005,5
17006,6
17007,1
17008,0
17009,4
17010,0
17011,0
17012,0
17013,0
17014,4
17015,0
17016,3
17017,0
17018,5
17019,5
17020,0
17021,0
17022,4
17023,6
17024,1
17025,0
17026,0
17027,1
17028,0
17029,0
17030,0
17031,0
17032,0
17033,1
17034,1
17035,0
17036,0
17037,1
17038,0
17039,0
17040,0
17041,2
17042,0
17043,3
17044,0
17045,6
17046,6
17047,0
17048,0
17049,0
17050,3
17051,5
17052,6
17053,0
17054,1
17055,0
17056,6
17057,0
17058,4
17059,1
17060,0
17061,0
17062,1
17063,0
17064,0
17065,0
17066,5
17067,2
17068,0
17069,0
17070,1
17071,0
17072,0
17073,4
17074,0
17075,1
17076,0
17077,0
17078,0
17079,6
17080,0
17081,0
17082,0
17083,0
17084,0
17085,6
17086,0
17087,5
17088,5
17089,6
17090,4
17091,2
17092,0
17093,0
17094,2
17095,6
17096,0
17097,0
17098,0
17099,2
17100,0
17101,6
17102,0
17103,6
17104,0
17105,0
17106,6
17107,5
17108,5
17109,1
17110,0
17111,6
17112,4
17113,0
17114,1
17115,6
17116,5
17117,0
17118,0
17119,0
17120,3
17121,0
17122,0
17123,0
17124,0
17125,1
17126,0
17127,0
17128,0
17129,5
17130,0
17131,5
17132,6
17133,6
17134,6
17135,0
17136,0
17137,0
17138,6
17139,0
17140,0
17141,1
17142,5
17143,0
17144,0
17145,4
17146,1
17147,5
17148,1
17149,6
17150,3
17151,0
17152,6
17153,1
17154,0
17155,2
17156,0
17157,1
17158,0
17159,0
17160,0
17161,4
17162,6
17163,3
17164,3
17165,0
17166,0
17167,5
17168,6
17169,0
17170,0
17171,0
17172,0
17173,2
17174,1
17175,0
17176,2
17177,0
17178,5
17179,0
17180,0
17181,1
17182,6
17183,0
17184,6
17185,0
17186,1
17187,1
17188,0
17189,5
17190,5
17191,0
17192,5
17193,0
17194,0
17195,4
17196,0
17197,1
17198,3
17199,0
17200,0
17201,2
17202,0
17203,1
17204,0
17205,3
17206,0
17207,3
17208,0
17209,0
17210,3
17211,0
17212,1
17213,6
17214,3
17215,5
17216,1
17217,0
17218,1
17219,1
17220,0
17221,6
17222,6
17223,0
17224,1
17225,6
17226,0
17227,0
17228,5
17229,0
17230,0
17231,0
17232,3
17233,0
17234,6
17235,0
17236,0
17237,0
17238,0
17239,0
17240,5
17241,0
17242,5
17243,6
17244,5
17245,3
17246,0
17247,6
17248,1
17249,6
17250,0
17251,0
17252,1
17253,1
17254,1
17255,0
17256,6
17257,1
17258,0
17259,0
17260,0
17261,0
17262,0
17263,0
17264,4
17265,0
17266,0
17267,6
17268,0
17269,1
17270,1
17271,2
17272,4
17273,0
17274,0
17275,0
17276,5
17277,4
17278,2
17279,3
17280,0
17281,1
17282,0
17283,0
17284,0
17285,0
17286,0
17287,1
17288,6
17289,0
17290,0
17291,0
17292,5
17293,0
17294,3
17295,0
17296,6
17297,0
17298,6
17299,1
17300,0
17301,0
17302,6
17303,0
17304,0
17305,1
17306,0
17307,0
17308,1
17309,0
17310,0
17311,1
17312,0
17313,2
17314,1
17315,0
17316,0
17317,2
17318,0
17319,6
17320,1
17321,0
17322,3
17323,1
17324,1
17325,6
17326,4
17327,0
17328,1
17329,1
17330,1
17331,0
17332,0
17333,1
17334,1
17335,0
17336,0
17337,0
17338,0
17339,0
17340,0
17341,0
17342,0
17343,1
17344,4
17345,0
17346,5
17347,0
17348,1
17349,0
17350,1
17351,1
17352,1
17353,0
17354,0
17355,0
17356,0
17357,6
17358,1
17359,0
17360,0
17361,5
17362,6
17363,1
17364,0
17365,0
17366,0
17367,6
17368,2
17369,6
17370,2
17371,4
17372,0
17373,0
17374,0
17375,0
17376,0
17377,0
17378,6
17379,0
17380,0
17381,3
17382,6
17383,4
17384,0
17385,0
17386,1
17387,0
17388,2
17389,4
17390,3
17391,0
17392,0
17393,0
17394,0
17395,0
17396,0
17397,5
17398,1
17399,0
17400,0
17401,1
17402,0
17403,5
17404,4
17405,0
17406,6
17407,2
17408,0
17409,5
17410,0
17411,1
17412,1
17413,6
17414,5
17415,0
17416,0
17417,0
17418,0
17419,0
17420,4
17421,0
17422,0
17423,0
17424,0
17425,0
17426,0
17427,0
17428,0
17429,0
17430,0
17431,1
17432,1
17433,0
17434,0
17435,1
17436,2
17437,5
17438,1
17439,0
17440,0
17441,3
17442,3
17443,6
17444,0
17445,0
17446,5
17447,1
17448,1
17449,1
17450,0
17451,1
17452,5
17453,0
17454,0
17455,0
17456,0
17457,0
17458,4
17459,0
17460,0
17461,0
17462,0
17463,0
17464,0
17465,0
17466,3
17467,6
17468,0
17469,0
17470,0
17471,0
17472,0
17473,4
17474,6
17475,0
17476,0
17477,4
17478,0
17479,4
17480,0
17481,0
17482,0
17483,1
17484,0
17485,4
17486,0
17487,0
17488,0
17489,3
17490,2
17491,0
17492,2
17493,4
17494,3
17495,0
17496,0
17497,0
17498,0
17499,0
17500,5
17501,0
17502,1
17503,1
17504,0
17505,0
17506,0
17507,6
17508,0
17509,0
17510,1
17511,0
17512,4
17513,1
17514,0
17515,2
17516,0
17517,1
17518,0
17519,6
17520,3
17521,0
17522,5
17523,4
17524,1
17525,0
17526,0
17527,0
17528,1
17529,1
17530,1
17531,3
17532,6
17533,1
17534,0
17535,0
17536,0
17537,6
17538,6
17539,5
17540,0
17541,0
17542,0
17543,1
17544,2
17545,0
17546,6
17547,5
17548,4
17549,0
17550,0
17551,0
17552,4
17553,0
17554,0
17555,3
17556,0
17557,0
17558,6
17559,0
17560,0
17561,3
17562,4
17563,1
17564,3
17565,1
17566,1
17567,0
17568,0
17569,0
17570,0
17571,5
17572,6
17573,0
17574,5
17575,0
17576,4
17577,0
17578,0
17579,4
17580,3
17581,6
17582,0
17583,6
17584,1
17585,4
17586,0
17587,5
17588,0
17589,1
17590,1
17591,0
17592,0
17593,0
17594,6
17595,3
17596,0
17597,5
17598,0
17599,0
17600,2
17601,0
17602,0
17603,5
17604,0
17605,0
17606,0
17607,4
17608,0
17609,2
17610,0
17611,4
17612,0
17613,0
17614,3
17615,0
17616,1
17617,0
17618,0
17619,6
17620,4
17621,0
17622,6
17623,5
17624,4
17625,1
17626,0
17627,0
17628,0
17629,0
17630,6
17631,2
17632,0
17633,3
17634,0
17635,0
17636,0
17637,1
17638,0
17639,0
17640,0
17641,5
17642,1
17643,0
17644,0
17645,0
17646,0
17647,0
17648,2
17649,0
17650,0
17651,0
17652,0
17653,0
17654,0
17655,3
17656,0
17657,0
17658,4
17659,0
17660,0
17661,1
17662,0
17663,0
17664,1
17665,1
17666,0
17667,5
17668,6
17669,0
17670,6
17671,4
17672,4
17673,4
17674,0
17675,1
17676,1
17677,5
17678,6
17679,0
17680,0
17681,0
17682,6
17683,3
17684,0
17685,0
17686,0
17687,2
17688,0
17689,0
17690,0
17691,4
17692,4
17693,0
17694,5
17695,6
17696,0
17697,0
17698,1
17699,0
17700,0
17701,0
17702,0
17703,0
17704,1
17705,0
17706,0
17707,1
17708,0
17709,0
17710,6
17711,0
17712,1
17713,0
17714,0
17715,2
17716,1
17717,3
17718,0
17719,0
17720,4
17721,6
17722,0
17723,0
17724,3
17725,0
17726,0
17727,0
17728,1
17729,6
17730,0
17731,5
17732,0
17733,0
17734,1
17735,2
17736,3
17737,0
17738,0
17739,0
17740,4
17741,0
17742,0
17743,0
17744,0
17745,0
17746,3
17747,0
17748,0
17749,1
17750,3
17751,0
17752,0
17753,0
17754,0
17755,1
17756,0
17757,4
17758,4
17759,5
17760,5
17761,0
17762,6
17763,5
17764,0
17765,6
17766,2
17767,6
17768,0
17769,0
17770,6
17771,0
17772,0
17773,0
17774,0
17775,5
17776,1
17777,1
17778,0
17779,6
17780,0
17781,4
17782,0
17783,1
17784,4
17785,1
17786,5
17787,6
17788,6
17789,6
17790,1
17791,6
17792,0
17793,0
17794,6
17795,0
17796,0
17797,4
17798,0
17799,0
17800,1
17801,1
17802,6
17803,0
17804,1
17805,6
17806,0
17807,0
17808,0
17809,1
17810,0
17811,0
17812,0
17813,0
17814,0
17815,6
17816,0
17817,5
17818,2
17819,1
17820,5
17821,0
17822,0
17823,0
17824,0
17825,0
17826,5
17827,0
17828,0
17829,0
17830,0
17831,0
17832,0
17833,2
17834,6
17835,0
17836,0
17837,3
17838,0
17839,4
17840,0
17841,0
17842,0
17843,0
17844,2
17845,1
17846,2
17847,0
17848,6
17849,1
17850,6
17851,0
17852,3
17853,6
17854,0
17855,0
17856,0
17857,6
17858,0
17859,0
17860,0
17861,0
17862,1
17863,0
17864,0
17865,0
17866,6
17867,1
17868,0
17869,0
17870,0
17871,5
17872,2
17873,6
17874,1
17875,0
17876,4
17877,5
17878,2
17879,0
17880,4
17881,5
17882,0
17883,1
17884,4
17885,0
17886,1
17887,0
17888,1
17889,4
17890,4
17891,1
17892,5
17893,0
17894,0
17895,0
17896,1
17897,1
17898,3
17899,3
17900,0
17901,0
17902,0
17903,3
17904,5
17905,0
17906,0
17907,0
17908,0
17909,1
17910,0
17911,2
17912,6
17913,6
17914,3
17915,6
17916,0
17917,0
17918,0
17919,1
17920,0
17921,0
17922,0
17923,6
17924,2
17925,1
17926,0
17927,0
17928,0
17929,0
17930,0
17931,2
17932,0
17933,0
17934,3
17935,0
17936,0
17937,2
17938,0
17939,1
17940,0
17941,0
17942,0
17943,6
17944,0
17945,0
17946,0
17947,0
17948,0
17949,0
17950,0
17951,6
17952,0
17953,5
17954,6
17955,2
17956,6
17957,6
17958,0
17959,5
17960,0
17961,0
17962,0
17963,0
17964,0
17965,1
17966,0
17967,1
17968,3
17969,2
17970,6
17971,0
17972,2
17973,6
17974,0
17975,0
17976,0
17977,0
17978,5
17979,0
17980,0
17981,0
17982,5
17983,3
17984,1
17985,0
17986,0
17987,0
17988,5
17989,0
17990,0
17991,1
17992,0
17993,4
17994,2
17995,0
17996,6
17997,0
17998,3
17999,1
18000,2
18001,0
18002,5
18003,0
18004,3
18005,0
18006,4
18007,0
18008,0
18009,0
18010,1
18011,0
18012,0
18013,0
18014,0
18015,5
18016,0
18017,0
18018,1
18019,0
18020,0
18021,0
18022,0
18023,5
18024,6
18025,5
18026,0
18027,1
18028,3
18029,0
18030,0
18031,0
18032,3
18033,0
18034,0
18035,1
18036,0
18037,6
18038,3
18039,5
18040,0
18041,0
18042,6
18043,2
18044,0
18045,0
18046,0
18047,6
18048,1
18049,0
18050,0
18051,0
18052,6
18053,0
18054,0
18055,3
18056,1
18057,6
18058,0
18059,0
18060,0
18061,1
18062,0
18063,0
18064,4
18065,0
18066,0
18067,6
18068,0
18069,0
18070,0
18071,0
18072,5
18073,0
18074,0
18075,1
18076,6
18077,6
18078,2
18079,0
18080,0
18081,6
18082,0
18083,0
18084,6
18085,0
18086,0
18087,0
18088,6
18089,4
18090,6
18091,0
18092,0
18093,5
18094,0
18095,1
18096,5
18097,0
18098,0
18099,0
18100,0
18101,0
18102,0
18103,0
18104,1
18105,0
18106,6
18107,0
18108,0
18109,0
18110,0
18111,1
18112,1
18113,6
18114,0
18115,0
18116,0
18117,6
18118,6
18119,0
18120,0
18121,0
18122,0
18123,0
18124,0
18125,1
18126,5
18127,0
18128,0
18129,0
18130,5
18131,1
18132,6
18133,0
18134,1
18135,2
18136,0
18137,0
18138,5
18139,5
18140,0
18141,6
18142,1
18143,0
18144,0
18145,4
18146,0
18147,0
18148,6
18149,6
18150,0
18151,1
18152,3
18153,5
18154,0
18155,0
18156,0
18157,3
18158,0
18159,1
18160,6
18161,1
18162,6
18163,1
18164,5
18165,0
18166,1
18167,4
18168,5
18169,0
18170,5
18171,1
18172,0
18173,0
18174,5
18175,0
18176,0
18177,1
18178,6
18179,4
18180,0
18181,5
18182,0
18183,0
18184,0
18185,0
18186,6
18187,0
18188,0
18189,2
18190,6
18191,5
18192,0
18193,1
18194,4
18195,0
18196,0
18197,0
18198,5
18199,0
18200,5
18201,5
18202,0
18203,1
18204,0
18205,0
18206,3
18207,0
18208,0
18209,6
18210,1
18211,0
18212,0
18213,4
18214,6
18215,1
18216,1
18217,0
18218,0
18219,0
18220,0
18221,0
18222,5
18223,6
18224,3
18225,3
18226,0
18227,0
18228,6
18229,3
18230,4
18231,0
18232,5
18233,0
18234,0
18235,5
18236,0
18237,0
18238,0
18239,0
18240,0
18241,1
18242,0
18243,0
18244,1
18245,0
18246,0
18247,4
18248,0
18249,0
18250,4
18251,5
18252,0
18253,3
18254,6
18255,0
18256,1
18257,6
18258,1
18259,0
18260,0
18261,0
18262,4
18263,0
18264,4
18265,4
18266,0
18267,5
18268,6
18269,0
18270,3
18271,1
18272,0
18273,1
18274,4
18275,1
18276,2
18277,1
18278,1
18279,0
18280,6
18281,5
18282,0
18283,1
18284,1
18285,5
18286,0
18287,1
18288,2
18289,0
18290,0
18291,5
18292,5
18293,0
18294,6
18295,0
18296,6
18297,1
18298,0
18299,3
18300,0
18301,3
18302,0
18303,0
18304,1
18305,0
18306,1
18307,0
18308,0
18309,0
18310,0
18311,0
18312,0
18313,6
18314,0
18315,0
18316,0
18317,0
18318,0
18319,0
18320,0
18321,6
18322,0
18323,4
18324,1
18325,0
18326,0
18327,3
18328,0
18329,0
18330,0
18331,1
18332,0
18333,0
18334,1
18335,3
18336,5
18337,0
18338,5
18339,0
18340,0
18341,5
18342,6
18343,0
18344,1
18345,4
18346,6
18347,3
18348,1
18349,3
18350,3
18351,0
18352,5
18353,0
18354,0
18355,0
18356,0
18357,5
18358,0
18359,0
18360,0
18361,0
18362,4
18363,2
18364,1
18365,6
18366,0
18367,0
18368,0
18369,0
18370,0
18371,0
18372,0
18373,0
18374,0
18375,0
18376,0
18377,0
18378,1
18379,0
18380,1
18381,1
18382,1
18383,0
18384,5
18385,0
18386,1
18387,0
18388,1
18389,1
18390,0
18391,0
18392,0
18393,0
18394,1
18395,0
18396,0
18397,0
18398,6
18399,0
18400,4
18401,0
18402,4
18403,0
18404,5
18405,0
18406,0
18407,0
18408,1
18409,0
18410,0
18411,0
18412,0
18413,2
18414,3
18415,0
18416,2
18417,0
18418,1
18419,0
18420,4
18421,1
18422,0
18423,1
18424,3
18425,0
18426,3
18427,0
18428,0
18429,1
18430,0
18431,0
18432,1
18433,0
18434,1
18435,0
18436,0
18437,6
18438,0
18439,6
18440,1
18441,1
18442,0
18443,6
18444,0
18445,0
18446,0
18447,0
18448,2
18449,0
18450,6
18451,0
18452,3
18453,0
18454,6
18455,1
18456,1
18457,0
18458,0
18459,1
18460,0
18461,0
18462,0
18463,1
18464,0
18465,1
18466,1
18467,0
18468,1
18469,6
18470,4
18471,6
18472,0
18473,6
18474,0
18475,3
18476,3
18477,0
18478,6
18479,0
18480,4
18481,1
18482,1
18483,0
18484,6
18485,3
18486,5
18487,1
18488,0
18489,0
18490,4
18491,6
18492,0
18493,0
18494,0
18495,6
18496,2
18497,0
18498,0
18499,6
18500,0
18501,0
18502,4
18503,2
18504,0
18505,0
18506,6
18507,0
18508,0
18509,0
18510,0
18511,0
18512,1
18513,1
18514,6
18515,1
18516,0
18517,0
18518,1
18519,0
18520,0
18521,6
18522,0
18523,0
18524,6
18525,3
18526,0
18527,2
18528,6
18529,0
18530,0
18531,1
18532,0
18533,4
18534,3
18535,1
18536,5
18537,1
18538,0
18539,5
18540,3
18541,0
18542,0
18543,0
18544,0
18545,0
18546,0
18547,3
18548,6
18549,1
18550,6
18551,0
18552,0
18553,0
18554,0
18555,4
18556,0
18557,4
18558,0
18559,4
18560,0
18561,0
18562,2
18563,4
18564,5
18565,0
18566,0
18567,0
18568,0
18569,0
18570,1
18571,0
18572,1
18573,5
18574,1
18575,0
18576,0
18577,0
18578,0
18579,0
18580,0
18581,1
18582,4
18583,6
18584,1
18585,0
18586,5
18587,5
18588,3
18589,6
18590,4
18591,0
18592,1
18593,0
18594,0
18595,0
18596,0
18597,3
18598,1
18599,0
18600,6
18601,5
18602,0
18603,0
18604,0
18605,1
18606,0
18607,6
18608,0
18609,1
18610,0
18611,5
18612,4
18613,0
18614,0
18615,0
18616,6
18617,0
18618,3
18619,5
18620,0
18621,0
18622,2
18623,2
18624,6
18625,6
18626,4
18627,4
18628,3
18629,0
18630,0
18631,1
18632,2
18633,1
18634,1
18635,5
18636,1
18637,2
18638,0
18639,0
18640,0
18641,0
18642,0
18643,0
18644,0
18645,1
18646,3
18647,1
18648,6
18649,0
18650,4
18651,0
18652,1
18653,1
18654,0
18655,0
18656,6
18657,0
18658,0
18659,5
18660,1
18661,6
18662,0
18663,1
18664,0
18665,0
18666,3
18667,0
18668,1
18669,0
18670,5
18671,0
18672,4
18673,0
18674,0
18675,6
18676,0
18677,1
18678,0
18679,6
18680,1
18681,1
18682,0
18683,5
18684,0
18685,5
18686,0
18687,0
18688,0
18689,0
18690,0
18691,1
18692,0
18693,3
18694,1
18695,0
18696,6
18697,5
18698,0
18699,0
18700,0
18701,5
18702,4
18703,3
18704,0
18705,0
18706,3
18707,4
18708,0
18709,0
18710,0
18711,4
18712,5
18713,5
18714,4
18715,0
18716,2
18717,0
18718,0
18719,4
18720,0
18721,2
18722,5
18723,0
18724,0
18725,3
18726,5
18727,5
18728,6
18729,0
18730,5
18731,6
18732,0
18733,1
18734,0
18735,0
18736,0
18737,0
18738,5
18739,0
18740,0
18741,0
18742,0
18743,0
18744,0
18745,0
18746,0
18747,0
18748,4
18749,0
18750,4
18751,0
18752,2
18753,0
18754,5
18755,1
18756,0
18757,6
18758,5
18759,0
18760,6
18761,0
18762,3
18763,0
18764,0
18765,0
18766,0
18767,0
18768,5
18769,4
18770,5
18771,0
18772,0
18773,3
18774,3
18775,3
18776,0
18777,0
18778,3
18779,0
18780,5
18781,4
18782,0
18783,0
18784,0
18785,0
18786,0
18787,0
18788,1
18789,6
18790,0
18791,0
18792,0
18793,0
18794,1
18795,0
18796,0
18797,0
18798,3
18799,5
18800,5
18801,0
18802,0
18803,1
18804,0
18805,0
18806,0
18807,0
18808,0
18809,0
18810,3
18811,0
18812,0
18813,0
18814,0
18815,3
18816,5
18817,4
18818,1
18819,0
18820,3
18821,1
18822,0
18823,0
18824,0
18825,3
18826,1
18827,4
18828,5
18829,0
18830,0
18831,0
18832,0
18833,5
18834,0
18835,3
18836,0
18837,0
18838,0
18839,4
18840,2
18841,0
18842,0
18843,0
18844,0
18845,0
18846,1
18847,1
18848,1
18849,1
18850,0
18851,0
18852,0
18853,5
18854,0
18855,0
18856,6
18857,0
18858,5
18859,3
18860,0
18861,6
18862,1
18863,0
18864,0
18865,0
18866,5
18867,0
18868,0
18869,4
18870,0
18871,1
18872,1
18873,0
18874,5
18875,0
18876,0
18877,5
18878,6
18879,0
18880,0
18881,4
18882,0
18883,0
18884,6
18885,0
18886,3
18887,5
18888,0
18889,4
18890,1
18891,0
18892,0
18893,0
18894,1
18895,6
18896,0
18897,0
18898,1
18899,0
18900,0
18901,1
18902,0
18903,1
18904,0
18905,0
18906,0
18907,4
18908,0
18909,0
18910,0
18911,6
18912,1
18913,1
18914,6
18915,5
18916,0
18917,0
18918,5
18919,0
18920,1
18921,5
18922,0
18923,0
18924,0
18925,0
18926,1
18927,6
18928,0
18929,6
18930,0
18931,0
18932,1
18933,0
18934,5
18935,0
18936,0
18937,2
18938,0
18939,6
18940,0
18941,0
18942,0
18943,0
18944,0
18945,6
18946,0
18947,0
18948,1
18949,0
18950,0
18951,2
18952,4
18953,1
18954,5
18955,0
18956,0
18957,0
18958,0
18959,0
18960,0
18961,0
18962,3
18963,0
18964,0
18965,0
18966,0
18967,1
18968,5
18969,0
18970,4
18971,2
18972,0
18973,4
18974,0
18975,0
18976,4
18977,0
18978,0
18979,4
18980,1
18981,4
18982,0
18983,1
18984,5
18985,0
18986,0
18987,6
18988,1
18989,1
18990,3
18991,0
18992,1
18993,1
18994,5
18995,3
18996,0
18997,0
18998,5
18999,1
19000,0
19001,0
19002,1
19003,1
19004,0
19005,0
19006,1
19007,0
19008,3
19009,2
19010,0
19011,5
19012,0
19013,6
19014,0
19015,0
19016,0
19017,0
19018,0
19019,6
19020,1
19021,5
19022,0
19023,0
19024,6
19025,0
19026,5
19027,5
19028,6
19029,0
19030,3
19031,5
19032,1
19033,6
19034,0
19035,0
19036,0
19037,0
19038,0
19039,3
19040,0
19041,6
19042,0
19043,6
19044,6
19045,1
19046,0
19047,0
19048,0
19049,3
19050,0
19051,6
19052,0
19053,0
19054,1
19055,0
19056,1
19057,0
19058,1
19059,6
19060,0
19061,0
19062,0
19063,0
19064,5
19065,1
19066,1
19067,0
19068,0
19069,0
19070,6
19071,1
19072,0
19073,0
19074,0
19075,0
19076,0
19077,0
19078,4
19079,0
19080,0
19081,0
19082,2
19083,0
19084,0
19085,5
19086,1
19087,6
19088,0
19089,0
19090,0
19091,0
19092,0
19093,1
19094,0
19095,4
19096,0
19097,0
19098,0
19099,0
19100,0
19101,1
19102,0
19103,2
19104,0
19105,0
19106,0
19107,0
19108,0
19109,0
19110,0
19111,0
19112,0
19113,1
19114,4
19115,6
19116,6
19117,0
19118,5
19119,1
19120,6
19121,5
19122,0
19123,0
19124,0
19125,6
19126,2
19127,1
19128,1
19129,1
19130,6
19131,0
19132,1
19133,6
19134,1
19135,1
19136,0
19137,0
19138,0
19139,5
19140,0
19141,6
19142,5
19143,0
19144,0
19145,0
19146,1
19147,0
19148,0
19149,0
19150,0
19151,4
19152,1
19153,5
19154,1
19155,0
19156,0
19157,1
19158,0
19159,0
19160,1
19161,2
19162,4
19163,0
19164,0
19165,4
19166,4
19167,3
19168,1
19169,5
19170,0
19171,0
19172,0
19173,0
19174,6
19175,0
19176,0
19177,0
19178,0
19179,0
19180,4
19181,6
19182,0
19183,1
19184,0
19185,0
19186,5
19187,1
19188,4
19189,0
19190,6
19191,0
19192,6
19193,5
19194,1
19195,0
19196,0
19197,6
19198,1
19199,0
19200,3
19201,1
19202,0
19203,0
19204,0
19205,1
19206,0
19207,2
19208,0
19209,6
19210,0
19211,0
19212,6
19213,3
19214,2
19215,6
19216,5
19217,3
19218,0
19219,3
19220,5
19221,6
19222,5
19223,4
19224,1
19225,0
19226,5
19227,0
19228,0
19229,4
19230,0
19231,0
19232,5
19233,4
19234,1
19235,3
19236,4
19237,0
19238,0
19239,0
19240,0
19241,0
19242,3
19243,4
19244,0
19245,0
19246,6
19247,0
19248,0
19249,0
19250,0
19251,0
19252,4
19253,0
19254,6
19255,0
19256,1
19257,0
19258,1
19259,0
19260,4
19261,0
19262,0
19263,0
19264,0
19265,0
19266,0
19267,2
19268,0
19269,1
19270,0
19271,0
19272,0
19273,1
19274,0
19275,0
19276,0
19277,2
19278,4
19279,6
19280,0
19281,0
19282,1
19283,1
19284,6
19285,0
19286,1
19287,0
19288,0
19289,0
19290,5
19291,0
19292,0
19293,6
19294,0
19295,1
19296,6
19297,0
19298,5
19299,0
19300,5
19301,0
19302,0
19303,0
19304,1
19305,0
19306,3
19307,0
19308,0
19309,6
19310,5
19311,0
19312,0
19313,0
19314,0
19315,0
19316,0
19317,1
19318,0
19319,2
19320,1
19321,4
19322,0
19323,0
19324,1
19325,0
19326,0
19327,0
19328,5
19329,0
19330,2
19331,0
19332,0
19333,0
19334,0
19335,0
19336,0
19337,5
19338,0
19339,2
19340,3
19341,0
19342,3
19343,0
19344,0
19345,5
19346,0
19347,0
19348,3
19349,0
19350,3
19351,4
19352,0
19353,0
19354,0
19355,5
19356,0
19357,0
19358,0
19359,0
19360,0
19361,0
19362,2
19363,0
19364,3
19365,5
19366,1
19367,5
19368,0
19369,1
19370,1
19371,0
19372,0
19373,0
19374,0
19375,0
19376,0
19377,2
19378,0
19379,0
19380,0
19381,3
19382,1
19383,6
19384,0
19385,0
19386,0
19387,5
19388,2
19389,5
19390,5
19391,1
19392,0
19393,0
19394,2
19395,0
19396,4
19397,0
19398,0
19399,1
19400,6
19401,1
19402,0
19403,1
19404,0
19405,0
19406,0
19407,1
19408,2
19409,3
19410,0
19411,1
19412,0
19413,0
19414,0
19415,5
19416,0
19417,6
19418,4
19419,0
19420,0
19421,6
19422,0
19423,0
19424,0
19425,0
19426,5
19427,0
19428,0
19429,6
19430,0
19431,1
19432,0
19433,0
19434,0
19435,5
19436,1
19437,1
19438,1
19439,1
19440,3
19441,0
19442,0
19443,0
19444,0
19445,0
19446,0
19447,1
19448,4
19449,1
19450,0
19451,0
19452,0
19453,0
19454,2
19455,0
19456,0
19457,0
19458,0
19459,1
19460,6
19461,1
19462,0
19463,6
19464,0
19465,1
19466,6
19467,1
19468,0
19469,0
19470,0
19471,0
19472,0
19473,4
19474,6
19475,0
19476,0
19477,1
19478,0
19479,0
19480,3
19481,6
19482,4
19483,0
19484,0
19485,0
19486,6
19487,1
19488,0
19489,5
19490,0
19491,0
19492,0
19493,0
19494,0
19495,0
19496,6
19497,0
19498,0
19499,0
19500,5
19501,0
19502,0
19503,1
19504,0
19505,0
19506,6
19507,0
19508,3
19509,0
19510,0
19511,0
19512,5
19513,0
19514,0
19515,1
19516,0
19517,0
19518,0
19519,0
19520,3
19521,0
19522,0
19523,0
19524,0
19525,1
19526,0
19527,0
19528,0
19529,6
19530,1
19531,0
19532,0
19533,5
19534,0
19535,3
19536,5
19537,0
19538,0
19539,0
19540,1
19541,0
19542,0
19543,0
19544,1
19545,1
19546,4
19547,0
19548,3
19549,0
19550,1
19551,0
19552,1
19553,0
19554,0
19555,4
19556,0
19557,4
19558,0
19559,1
19560,5
19561,3
19562,5
19563,0
19564,0
19565,3
19566,0
19567,0
19568,1
19569,6
19570,0
19571,0
19572,0
19573,3
19574,0
19575,0
19576,4
19577,4
19578,0
19579,0
19580,0
19581,1
19582,0
19583,0
19584,4
19585,5
19586,0
19587,1
19588,0
19589,0
19590,0
19591,1
19592,0
19593,0
19594,1
19595,0
19596,0
19597,3
19598,4
19599,4
19600,1
19601,0
19602,1
19603,0
19604,0
19605,3
19606,0
19607,0
19608,0
19609,5
19610,0
19611,6
19612,6
19613,1
19614,3
19615,1
19616,0
19617,0
19618,1
19619,0
19620,0
19621,4
19622,2
19623,4
19624,0
19625,4
19626,0
19627,0
19628,4
19629,0
19630,6
19631,5
19632,0
19633,2
19634,0
19635,0
19636,0
19637,1
19638,0
19639,0
19640,0
19641,0
19642,0
19643,0
19644,0
19645,5
19646,1
19647,0
19648,0
19649,0
19650,0
19651,1
19652,4
19653,6
19654,0
19655,5
19656,6
19657,0
19658,1
19659,0
19660,0
19661,0
19662,5
19663,0
19664,0
19665,1
19666,1
19667,5
19668,1
19669,5
19670,0
19671,0
19672,2
19673,6
19674,0
19675,0
19676,6
19677,2
19678,4
19679,0
19680,0
19681,1
19682,5
19683,6
19684,0
19685,0
19686,1
19687,4
19688,0
19689,0
19690,1
19691,0
19692,5
19693,6
19694,0
19695,0
19696,0
19697,0
19698,6
19699,0
19700,0
19701,0
19702,2
19703,0
19704,0
19705,0
19706,0
19707,0
19708,0
19709,0
19710,0
19711,4
19712,0
19713,6
19714,0
19715,4
19716,0
19717,0
19718,4
19719,1
19720,0
19721,3
19722,0
19723,0
19724,0
19725,0
19726,0
19727,0
19728,0
19729,0
19730,1
19731,1
19732,0
19733,3
19734,1
19735,0
19736,0
19737,0
19738,0
19739,0
19740,6
19741,0
19742,1
19743,2
19744,1
19745,0
19746,5
19747,0
19748,0
19749,6
19750,0
19751,0
19752,1
19753,0
19754,0
19755,0
19756,1
19757,1
19758,6
19759,0
19760,1
19761,0
19762,6
19763,0
19764,0
19765,0
19766,0
19767,0
19768,6
19769,1
19770,0
19771,0
19772,6
19773,0
19774,1
19775,0
19776,5
19777,0
19778,0
19779,0
19780,0
19781,6
19782,0
19783,3
19784,0
19785,0
19786,0
19787,1
19788,1
19789,0
19790,0
19791,5
19792,3
19793,0
19794,1
19795,5
19796,0
19797,0
19798,0
19799,6
19800,0
19801,0
19802,1
19803,0
19804,0
19805,0
19806,0
19807,0
19808,1
19809,6
19810,4
19811,0
19812,6
19813,0
19814,6
19815,0
19816,0
19817,4
19818,0
19819,6
19820,0
19821,3
19822,0
19823,6
19824,6
19825,0
19826,3
19827,1
19828,0
19829,1
19830,0
19831,1
19832,2
19833,1
19834,0
19835,0
19836,5
19837,0
19838,1
19839,0
19840,2
19841,0
19842,0
19843,5
19844,0
19845,3
19846,6
19847,5
19848,0
19849,2
19850,4
19851,4
19852,0
19853,1
19854,5
19855,0
19856,6
19857,5
19858,0
19859,0
19860,5
19861,3
19862,0
19863,0
19864,1
19865,3
19866,2
19867,0
19868,6
19869,0
19870,3
19871,4
19872,0
19873,0
19874,0
19875,0
19876,0
19877,6
19878,0
19879,0
19880,0
19881,3
19882,6
19883,0
19884,0
19885,1
19886,6
19887,0
19888,3
19889,0
19890,3
19891,5
19892,0
19893,4
19894,0
19895,0
19896,0
19897,0
19898,0
19899,0
19900,0
19901,0
19902,4
19903,6
19904,0
19905,0
19906,5
19907,0
19908,1
19909,0
19910,4
19911,0
19912,0
19913,0
19914,5
19915,1
19916,0
19917,5
19918,5
19919,1
19920,0
19921,0
19922,1
19923,0
19924,0
19925,0
19926,1
19927,0
19928,5
19929,1
19930,0
19931,3
19932,6
19933,6
19934,2
19935,6
19936,0
19937,5
19938,0
19939,5
19940,3
19941,0
19942,1
19943,2
19944,5
19945,0
19946,0
19947,0
19948,0
19949,1
19950,0
19951,0
19952,0
19953,1
19954,3
19955,5
19956,5
19957,0
19958,1
19959,0
19960,0
19961,6
19962,0
19963,0
19964,3
19965,5
19966,0
19967,1
19968,0
19969,3
19970,3
19971,0
19972,6
19973,6
19974,6
19975,0
19976,6
19977,0
19978,0
19979,1
19980,1
19981,4
19982,5
19983,0
19984,3
19985,0
19986,2
19987,0
19988,6
19989,5
19990,0
19991,4
19992,0
19993,3
19994,0
19995,1
19996,5
19997,6
19998,0
19999,0
20000,0
20001,6
20002,5
20003,0
20004,1
20005,0
20006,0
20007,0
20008,0
20009,6
20010,2
20011,0
20012,1
20013,1
20014,1
20015,1
20016,6
20017,0
20018,2
20019,5
20020,0
20021,0
20022,6
20023,3
20024,6
20025,3
20026,0
20027,0
20028,0
20029,0
20030,0
20031,0
20032,0
20033,1
20034,1
20035,0
20036,0
20037,0
20038,0
20039,3
20040,0
20041,0
20042,6
20043,0
20044,6
20045,5
20046,0
20047,6
20048,0
20049,4
20050,1
20051,6
20052,0
20053,6
20054,1
20055,2
20056,1
20057,0
20058,0
20059,0
20060,0
20061,0
20062,1
20063,5
20064,0
20065,0
20066,1
20067,0
20068,5
20069,0
20070,1
20071,0
20072,1
20073,2
20074,0
20075,0
20076,6
20077,0
20078,1
20079,0
20080,2
20081,0
20082,0
20083,6
20084,0
20085,6
20086,0
20087,0
20088,1
20089,2
20090,0
20091,0
20092,0
20093,0
20094,0
20095,1
20096,4
20097,5
20098,6
20099,0
20100,0
20101,1
20102,0
20103,0
20104,0
20105,0
20106,0
20107,5
20108,1
20109,1
20110,0
20111,4
20112,0
20113,0
20114,0
20115,6
20116,3
20117,0
20118,0
20119,6
20120,6
20121,0
20122,0
20123,0
20124,1
20125,0
20126,1
20127,0
20128,5
20129,0
20130,0
20131,0
20132,0
20133,1
20134,0
20135,0
20136,4
20137,5
20138,0
20139,0
20140,1
20141,1
20142,4
20143,0
20144,0
20145,5
20146,1
20147,0
20148,0
20149,1
20150,1
20151,0
20152,1
20153,6
20154,5
20155,1
20156,0
20157,0
20158,6
20159,1
20160,5
20161,0
20162,0
20163,1
20164,0
20165,0
20166,0
20167,0
20168,3
20169,0
20170,1
20171,0
20172,1
20173,5
20174,5
20175,5
20176,4
20177,3
20178,0
20179,0
20180,0
20181,6
20182,1
20183,3
20184,0
20185,4
20186,0
20187,0
20188,3
20189,0
20190,0
20191,1
20192,0
20193,0
20194,6
20195,0
20196,0
20197,1
20198,0
20199,0
20200,0
20201,6
20202,0
20203,6
20204,0
20205,0
20206,0
20207,3
20208,1
20209,4
20210,0
20211,0
20212,0
20213,1
20214,6
20215,1
20216,2
20217,0
20218,4
20219,0
20220,0
20221,0
20222,1
20223,0
20224,6
20225,1
20226,5
20227,4
20228,1
20229,0
20230,5
20231,5
20232,2
20233,0
20234,5
20235,0
20236,0
20237,0
20238,2
20239,0
20240,4
20241,3
20242,0
20243,0
20244,0
20245,0
20246,0
20247,6
20248,0
20249,0
20250,6
20251,0
20252,0
20253,0
20254,5
20255,0
20256,3
20257,0
20258,0
20259,4
20260,0
20261,1
20262,0
20263,0
20264,0
20265,0
20266,0
20267,0
20268,5
20269,5
20270,5
20271,0
20272,1
20273,6
20274,0
20275,0
20276,0
20277,0
20278,0
20279,0
20280,0
20281,1
20282,0
20283,1
20284,0
20285,5
20286,1
20287,2
20288,0
20289,0
20290,0
20291,0
20292,1
20293,6
20294,5
20295,0
20296,0
20297,5
20298,0
20299,0
20300,0
20301,0
20302,0
20303,5
20304,0
20305,1
20306,4
20307,0
20308,0
20309,0
20310,0
20311,0
20312,0
20313,0
20314,5
20315,0
20316,0
20317,0
20318,0
20319,0
20320,5
20321,0
20322,0
20323,6
20324,0
20325,0
20326,0
20327,2
20328,5
20329,0
20330,0
20331,2
20332,3
20333,0
20334,4
20335,1
20336,0
20337,1
20338,5
20339,0
20340,6
20341,0
20342,0
20343,5
20344,5
20345,3
20346,3
20347,4
20348,0
20349,6
20350,0
20351,1
20352,0
20353,6
20354,0
20355,6
20356,0
20357,6
20358,1
20359,1
20360,0
20361,0
20362,0
20363,0
20364,3
20365,0
20366,0
20367,6
20368,3
20369,0
20370,0
20371,4
20372,0
20373,4
20374,0
20375,0
20376,0
20377,5
20378,0
20379,3
20380,0
20381,0
20382,0
20383,0
20384,1
20385,1
20386,1
20387,1
20388,5
20389,0
20390,0
20391,1
20392,0
20393,0
20394,1
20395,3
20396,6
20397,0
20398,0
20399,0
20400,5
20401,2
20402,1
20403,1
20404,0
20405,0
20406,5
20407,0
20408,0
20409,1
20410,0
20411,5
20412,0
20413,1
20414,0
20415,0
20416,0
20417,0
20418,4
20419,0
20420,6
20421,0
20422,1
20423,0
20424,3
20425,1
20426,1
20427,4
20428,0
20429,0
20430,0
20431,0
20432,0
20433,0
20434,3
20435,1
20436,4
20437,0
20438,3
20439,0
20440,0
20441,4
20442,0
20443,5
20444,0
20445,0
20446,6
20447,0
20448,0
20449,0
20450,0
20451,0
20452,0
20453,6
20454,6
20455,1
20456,0
20457,0
20458,0
20459,0
20460,0
20461,6
20462,5
20463,0
20464,0
20465,0
20466,5
20467,1
20468,4
20469,0
20470,5
20471,0
20472,2
20473,1
20474,0
20475,0
20476,6
20477,3
20478,0
20479,0
20480,0
20481,0
20482,0
20483,1
20484,0
20485,4
20486,6
20487,2
20488,0
20489,0
20490,1
20491,0
20492,0
20493,0
20494,0
20495,0
20496,6
20497,6
20498,5
20499,3
20500,0
20501,4
20502,6
20503,1
20504,5
20505,0
20506,1
20507,0
20508,0
20509,4
20510,0
20511,0
20512,0
20513,0
20514,0
20515,0
20516,1
20517,0
20518,6
20519,5
20520,4
20521,0
20522,0
20523,0
20524,1
20525,0
20526,5
20527,5
20528,0
20529,6
20530,0
20531,0
20532,0
20533,3
20534,6
20535,1
20536,0
20537,0
20538,6
20539,0
20540,0
20541,6
20542,2
20543,0
20544,1
20545,0
20546,0
20547,0
20548,0
20549,0
20550,0
20551,4
20552,6
20553,6
20554,0
20555,0
20556,0
20557,2
20558,0
20559,5
20560,6
20561,1
20562,1
20563,1
20564,1
20565,0
20566,0
20567,1
20568,1
20569,0
20570,0
20571,0
20572,0
20573,0
20574,0
20575,0
20576,3
20577,1
20578,0
20579,0
20580,4
20581,0
20582,0
20583,1
20584,0
20585,4
20586,1
20587,0
20588,1
20589,1
20590,0
20591,1
20592,0
20593,0
20594,0
20595,0
20596,1
20597,0
20598,0
20599,4
20600,0
20601,0
20602,0
20603,0
20604,0
20605,6
20606,1
20607,1
20608,5
20609,0
20610,0
20611,0
20612,3
20613,0
20614,0
20615,5
20616,3
20617,0
20618,1
20619,0
20620,0
20621,4
20622,4
20623,0
20624,6
20625,0
20626,0
20627,0
20628,2
20629,0
20630,0
20631,0
20632,0
20633,0
20634,0
20635,0
20636,5
20637,4
20638,0
20639,1
20640,0
20641,0
20642,0
20643,0
20644,0
20645,6
20646,0
20647,6
20648,0
20649,0
20650,5
20651,3
20652,0
20653,0
20654,0
20655,0
20656,0
20657,0
20658,5
20659,0
20660,0
20661,0
20662,5
20663,0
20664,6
20665,1
20666,0
20667,0
20668,1
20669,1
20670,0
20671,0
20672,1
20673,3
20674,5
20675,1
20676,0
20677,0
20678,0
20679,5
20680,0
20681,5
20682,1
20683,5
20684,1
20685,0
20686,4
20687,0
20688,5
20689,1
20690,0
20691,0
20692,6
20693,0
20694,2
20695,0
20696,1
20697,0
20698,0
20699,5
20700,5
20701,5
20702,0
20703,0
20704,6
20705,0
20706,0
20707,0
20708,1
20709,0
20710,0
20711,0
20712,0
20713,0
20714,1
20715,0
20716,0
20717,0
20718,0
20719,4
20720,0
20721,0
20722,0
20723,0
20724,0
20725,0
20726,0
20727,0
20728,3
20729,0
20730,0
20731,0
20732,0
20733,0
20734,6
20735,0
20736,0
20737,5
20738,1
20739,3
20740,0
20741,0
20742,0
20743,2
20744,6
20745,6
20746,0
20747,0
20748,0
20749,0
20750,0
20751,0
20752,0
20753,0
20754,0
20755,1
20756,0
20757,0
20758,6
20759,0
20760,3
20761,0
20762,0
20763,6
20764,4
20765,0
20766,0
20767,0
20768,0
20769,0
20770,4
20771,5
20772,5
20773,0
20774,4
20775,5
20776,0
20777,0
20778,0
20779,0
20780,3
20781,0
20782,0
20783,3
20784,0
20785,1
20786,2
20787,0
20788,0
20789,1
20790,0
20791,1
20792,0
20793,0
20794,0
20795,1
20796,0
20797,0
20798,0
20799,0
20800,0
20801,0
20802,6
20803,0
20804,0
20805,0
20806,0
20807,0
20808,0
20809,0
20810,1
20811,0
20812,0
20813,0
20814,5
20815,0
20816,1
20817,0
20818,5
20819,0
20820,5
20821,5
20822,0
20823,0
20824,0
20825,0
20826,0
20827,0
20828,1
20829,5
20830,4
20831,0
20832,0
20833,4
20834,0
20835,1
20836,1
20837,0
20838,0
20839,0
20840,1
20841,2
20842,0
20843,2
20844,6
20845,0
20846,0
20847,0
20848,0
20849,0
20850,0
20851,0
20852,6
20853,5
20854,6
20855,0
20856,3
20857,1
20858,6
20859,5
20860,5
20861,0
20862,0
20863,1
20864,0
20865,0
20866,0
20867,0
20868,0
20869,0
20870,2
20871,0
20872,0
20873,0
20874,1
20875,0
20876,0
20877,0
20878,1
20879,0
20880,0
20881,1
20882,3
20883,0
20884,0
20885,0
20886,6
20887,0
20888,0
20889,5
20890,1
20891,0
20892,0
20893,3
20894,0
20895,0
20896,6
20897,0
20898,1
20899,0
20900,0
20901,0
20902,0
20903,1
20904,0
20905,0
20906,0
20907,0
20908,1
20909,5
20910,6
20911,1
20912,1
20913,0
20914,5
20915,4
20916,0
20917,0
20918,0
20919,6
20920,0
20921,0
20922,0
20923,2
20924,0
20925,3
20926,0
20927,0
20928,0
20929,0
20930,1
20931,0
20932,4
20933,0
20934,3
20935,0
20936,4
20937,1
20938,5
20939,0
20940,1
20941,1
20942,5
20943,0
20944,5
20945,0
20946,0
20947,6
20948,0
20949,1
20950,0
20951,6
20952,0
20953,0
20954,3
20955,6
20956,1
20957,2
20958,0
20959,1
20960,5
20961,0
20962,0
20963,1
20964,4
20965,0
20966,6
20967,1
20968,1
20969,0
20970,0
20971,6
20972,0
20973,0
20974,5
20975,0
20976,1
20977,0
20978,0
20979,0
20980,0
20981,4
20982,1
20983,5
20984,0
20985,0
20986,3
20987,0
20988,3
20989,4
20990,0
20991,1
20992,5
20993,0
20994,0
20995,0
20996,5
20997,3
20998,0
20999,4
